用户ID,用户名,所在地,性别,认证状态,认证类型,认证理由,个人描述,信用等级,公司,学校,生日,创建时间,粉丝数,关注数,微博数,获评转赞总数,获评论数,获转发数,获点赞数
2014095135,-JACKIE--E个咗--,上海 浦东新区,男,未认证,未知,无,累死累活的社畜||胶佬||成品部股东||MG武器架再版老子抢到了||PTCG牌佬||越来越穷,信用极好,未知,川沙中学,1992-07-22 巨蟹座,2011-03-08 17:10:11,443,951,42194,7068,"1,928","4,384",756
5251493339,-听风眠-,湖南 湘潭,女,未认证,普通用户,无,,信用极好,未知,未知,2015-01-01 摩羯座,2014-08-14 20:43:00,513,37,786,300,144,4,152
6405476742,0MrKyo0,海外 加拿大,男,未认证,普通用户,无,许许多多人都在安静地过着令人绝望的生活。所谓的听天由命，便是根深蒂固的绝望。,信用较好,未知,未知, ,2017-11-08 11:00:13,4,177,4120,379,14,202,163
1680112874,1-鸥,福建 泉州,男,未认证,未知,无,,信用极好,未知,未知,天蝎座,2010-01-10 13:03:39,1653,4318,28876,8734,"6,881","1,341",512
6878670148,1988年的春卷,其他,男,未认证,普通用户,无,,信用较好,未知,未知, ,2018-12-08 18:28:37,66,903,1535,430,105,22,303
5443679713,2015已被注册,其他,男,未认证,普通用户,无,You Raise Me Up,信用较好,省人民政府,未知,摩羯座,2014-12-22 17:13:44,1022,5029,42043,3978,199,"2,902",877
6280921382,2021海之浩瀚,其他,女,未认证,普通用户,无,求人不如求己,信用较好,未知,未知, ,2017-06-16 16:30:18,72,5149,70435,1087,57,44,986
7568531878,2040祖国世界第一,陕西,男,未认证,普通用户,无,,信用较好,未知,未知,1989-09-14 处女座,2021-02-23 22:13:19,1,113,29,1,0,0,1
5277282407,5260丫丫,河南 郑州,女,未认证,普通用户,无,冬至人未至 你在何处躲风霜,信用较好,未知,未知,1989-09-15 处女座,2014-09-01 10:44:18,3,519,773,65,6,3,56
2438761421,59魔改戴森球,北京 海淀区,男,未认证,普通用户,无,人类的喜悲并不相通,信用较好,未知,未知,,2011-11-01 22:41:23,308,295,3137,4025,"2,755",487,783
6522860669,71天马好棒,海外,男,未认证,普通用户,无,凡所有相·皆是虚妄,信用较好,WEMPCO（NG）,未知,巨蟹座,2018-04-08 05:04:32,294,1484,55290,1366,143,264,959
5898223953,72ming,陕西 西安,男,未认证,普通用户,无,,信用较好,未知,未知,1972-01-02 摩羯座,2016-04-13 20:45:03,63,441,646,95,14,0,81
3214322962,7年上台阶,海外,男,未认证,普通用户,无,市场的偏见，造就未来,信用较好,未知,未知,巨蟹座,2013-12-20 06:46:02,257,485,12437,2692,617,933,"1,142"
2319087645,ACMILAN裔天,北京,男,未认证,普通用户,无,,信用较好,未知,未知,,2011-08-23 19:01:21,212,686,29440,1984,681,"1,064",239
7732889911,Aaron在努力变强,上海,男,未认证,普通用户,无,Xiaomi SU7 Founders Edition车主/老熊部落4期肄业生,信用较好,未知,未知,1998-09-16 处女座,2022-01-01 12:54:50,103,209,2592,2534,856,130,"1,548"
5032014852,Afterwards_Edi,海外 美国,男,未认证,普通用户,无,生命的意义在于体验。,信用较好,未知,未知, ,2014-02-10 08:01:21,259,1399,15342,212,50,46,116
5546337141,Aoi_kkkk,其他,男,未认证,普通用户,无,苟着,信用较好,未知,未知, ,2015-03-09 14:59:29,342,410,2595,201,8,15,178
2505397873,A专业基建龙哥,福建 福州,女,未认证,普通用户,无,(｀・ω・´)”,信用较好,未知,未知,,2012-04-12 16:49:42,119,528,17694,88,20,43,25
1438487524,Blueghost,辽宁,男,未认证,普通用户,无,Against stupidity the gods themselves contend in vain. Mit der Dummheit kämpfen Götter selbst vergebens.—Schiller,信用较好,未知,北京邮电大学,天秤座,2009-12-08 10:32:44,1035,948,13890,1.8万,"10,382","7,428",532
5206470575,ChiangukLim,广东 汕头,男,未认证,普通用户,无,点赞/转发只是收藏无关立场 希望做一个认真的人,信用较好,未知,未知,1998-05-09 金牛座,2014-07-06 08:54:00,734,5177,74006,3284,577,963,"1,744"
7191753128,Christmas85914,其他,女,未认证,普通用户,无,,信用一般,未知,未知, ,2019-06-13 11:07:19,2,142,1035,217,32,12,173
6014754291,Danielxu_2019,北京 海淀区,男,未认证,普通用户,无,Where is the snow of yester-year?,信用较好,Freelance,未知,2008-01-01 摩羯座,2016-09-02 15:28:34,24,125,8105,37,1,2,34
2801324622,Derey6199,广东 深圳,男,未认证,普通用户,无,,信用较好,未知,未知,,2012-05-10 16:10:54,227,357,17834,3117,703,511,"1,903"
1784187024,Fortius风范,其他,男,未认证,普通用户,无,,信用较好,未知,未知,天秤座,2011-03-01 09:42:54,1048,1981,12995,1525,600,401,524
7812045223,Fungi1314,其他,女,未认证,普通用户,无,"God, spare me from the desire for love, approval, or appreciation. Amen.",信用较好,未知,未知, ,2022-12-31 22:04:23,419,1409,72009,19万,"33,345","118,436","38,587"
1248747623,F大调的忧伤,辽宁 大连,男,未认证,未知,无,微博里看到的和新闻联播里看到的为嘛不一样啊？,信用极好,未知,未知,1968-09-17 处女座,2010-12-30 15:44:31,364,1239,3816,457,75,303,79
3065582635,Giovannimoreno10,上海 徐汇区,男,已认证,名人,体育博主,他们说 就让他们去说,信用极好,人生无限公司,未知,天蝎座,2012-10-23 21:43:18,34834,192,4358,3万,"8,029","2,027","19,819"
2970057463,Goalward,贵州,男,未认证,普通用户,无,2,信用较好,未知,未知,1992-07-10 巨蟹座,2012-10-03 12:37:02,193,406,11788,1309,468,573,268
3143973282,Hal委婉的冬那某某依然在等你,北京 朝阳区,男,未认证,普通用户,无,遇事别怕事，没事别惹事！,信用较好,谷东网科技有限公司,未知,双鱼座,2013-01-25 03:56:38,119,218,602,141,27,59,55
1702102732,Hank_Stubborn,山东 青岛,男,未认证,未知,无,你要当疯子，还是要当傻子,信用较好,未知,未知,射手座,2010-05-05 19:22:45,346,423,8243,4017,"2,029","1,797",191
1940664901,HevinYeung,广东,男,未认证,未知,无,认真、乐观、负责、勤奋,信用较好,未知,华南农业大学,1993-01-31 水瓶座,2011-01-29 15:30:23,256,790,17442,2769,"1,838",599,332
2346359643,I非言I,山西 晋城,男,未认证,普通用户,无,,信用极好,未知,未知,白羊座,2011-09-07 00:48:26,63,1048,6965,1351,231,813,307
2618355781,JOJO880,广东,男,未认证,普通用户,无,粉必回粉。围观群众一名。“透明人”一个。。。。。...从青涩到愤青到无奈到失望，最终成为nobody，抽奖号一名，一起抽奖吧。,信用极好,公共事业,未知,摩羯座,2012-02-15 22:56:35,1060,10667,8833,7631,303,"6,639",689
7648029012,LIU_SIN-GU,其他,男,未认证,普通用户,无,生而为人 是我倒霉  墓志铭 我真的好爱你们 我终于自由了 我要去爱我自己了,信用较好,未知,未知,双鱼座,2021-07-16 13:47:44,70,1111,3526,1109,675,65,369
7805246626,LQZJ死了,其他,男,未认证,普通用户,无,gay,信用一般,未知,未知, ,2022-11-30 06:47:31,24,600,4599,190,4,2,184
7126573244,LV5原子崩坏-麦野沈利,其他,男,未认证,普通用户,无,那旁门左道 奇淫巧技 撑的过几分钟， 你名门世子 宗派后人 又能值几阵风。,信用较好,未知,未知, ,2019-05-09 08:33:00,437,631,16030,22万,"9,184","195,124","15,715"
1661412652,Louis是大头仔,上海 虹口区,男,已认证,名人,枢化贸易（上海）有限公司  销售工程师,,信用极好,未知,未知,巨蟹座,2009-11-16 20:10:27,2025,1239,39002,15.3万,"16,686","130,880","5,616"
3026229062,MatrixC,其他,男,未认证,普通用户,无,,信用较好,未知,未知,,2013-01-11 23:54:35,92,522,8297,6525,"1,297","1,606","3,622"
1818636632,MaybeEverythingIsOK,福建 福州,男,未认证,普通用户,无,,信用较好,未知,未知,1999-12-11 射手座,2010-09-16 17:52:03,78,345,1075,9806,"2,182",52,"7,572"
1730129684,Mia_薛定谔的肥猫,海外,女,已认证,名人,动漫博主,吾辈的野望就是在这个搞基的时代开辟出一条血淋淋的乙女复兴之路！,信用极好,厦门五气朝元文化传播有限公司,未知,,2010-04-15 04:16:53,2120,1105,19562,5.6万,"2,217","51,170","2,660"
6753072391,Mr星星s,其他,女,未认证,普通用户,无,,信用较好,未知,未知, ,2018-10-09 16:47:53,126,548,16540,1056,138,349,569
5564778916,Mr浮风,辽宁,男,未认证,普通用户,无,夕阳无限好，而且近黄昏,信用较好,未知,东街小学,1994-01-02 摩羯座,2015-03-20 19:19:44,6,180,5086,475,158,22,295
5425945668,Ms招财进宝喵大仙,上海,女,未认证,普通用户,无,珠宝商滴大号哦！,信用较好,未知,华东师范大学,1998-11-23 射手座,2014-12-16 15:23:03,896,635,172183,51.6万,"9,900","472,251","34,047"
2695733067,Mting丶Angel,其他,男,未认证,普通用户,无,,信用较好,未知,阳江四中,1996-11-22 天蝎座,2012-04-06 07:41:28,206,987,354,10,0,0,10
7800868844,NaTel_辣着,北京 东城区,男,未认证,普通用户,无,,信用较好,未知,未知,1995-03-12 双鱼座,2022-11-10 21:54:03,97,2148,4287,272,57,116,99
7312317961,Nilulo,其他,男,未认证,普通用户,无,……,信用较好,未知,未知, ,2019-09-30 10:41:07,73,374,13,1,1,0,0
2176317971,NociLoL的小号,上海 宝山区,女,未认证,普通用户,无,“有思想的年轻人到哪里都不太合群” 其实我只是帮 @罗永浩可爱多 做广告而已~~~~~ 关注上限99 所以互相关注什么的就不能强求啦,信用较好,未知,未知,,2011-06-13 17:15:59,350,99,6280,2751,"1,744",641,366
1667285017,NoireCat,其他,男,已认证,名人,动漫博主,我爱色图！ 未关注at已关，有事可评论或私信。,信用极好,未知,未知,1998-01-09 摩羯座,2011-06-12 16:54:04,26030,2408,132712,192.8万,"27,660","1,806,653","93,587"
3550563674,Ovi_Outlook,北京 东城区,男,未认证,普通用户,无,,信用较好,未知,未知,水瓶座,2013-06-22 00:10:46,325,2419,22236,2205,314,936,955
2027643893,PSU500G500G,四川,男,未认证,未知,无,。,信用较好,未知,未知,1992-07-25 狮子座,2011-03-15 21:11:37,887,543,16822,3727,"2,950",351,426
1403588393,Peter-JJJ,浙江 杭州,男,未认证,普通用户,无,,信用较好,@^_^@,浙江大学,双子座,2011-01-26 13:20:29,476,808,24763,3.2万,"3,521","27,305",853
7679744085,Q有此理,其他,女,未认证,普通用户,无,,信用较好,未知,未知, ,2021-08-23 14:00:40,8,319,6503,446,17,114,315
1586285105,RBD_加扬,山东,男,已认证,名人,青岛加扬品牌设计 创办人 设计美学博主,,信用较好,,未知,1900-01-01 摩羯座,2010-04-11 10:10:52,1270,2936,11833,4320,"1,474","1,735","1,111"
1668515321,Rex牙醫,北京 海淀区,男,未认证,普通用户,无,老号Rex牙医莫名其妙的挂了,信用较好,未知,未知, ,2011-02-10 09:46:10,2622,2888,79579,21.6万,"21,963","171,637","22,593"
2645541143,SCHadenfreude1,四川 成都,男,未认证,普通用户,无,凝视人心,信用极好,树德协进中学,海南大学,1996-04-18 白羊座,2012-03-04 09:31:05,2176,6214,15725,2186,916,270,"1,000"
1733410917,Seantone,其他,男,未认证,普通用户,无,如你所愿,信用较好,未知,未知,,2010-04-22 18:13:53,262,698,4582,4147,"3,460",262,425
1922540181,Sherlock_韩钧,浙江 金华,男,未认证,未知,无,"Blue Sky,Green Grass,a little house,one man lie on land,look the god.",信用较好,未知,华中科技大学,处女座,2011-01-15 20:08:53,211,402,941,657,499,85,73
1642632462,ShiningRay,浙江 杭州,男,未认证,普通用户,无,一介码农,信用极好,淘宝（中国）软件有限公司,东南大学,天蝎座,2009-08-28 21:00:39,94700,2690,135947,73.1万,"44,994","618,510","67,413"
1934428705,SodaColdMilkTea,海外 沙特阿拉伯,男,未认证,普通用户,无,一个垃圾微博,信用极好,未知,未知,天秤座,2011-01-25 18:47:43,734,497,5750,1.5万,"10,955","1,044","2,693"
7785757169,Upeaceon,其他,男,未认证,普通用户,无,一个恶人。一个疯子。一个傻子。一个包子。,信用较好,未知,未知,1900-01-01 摩羯座,2022-08-29 03:22:47,28,458,1885,98,10,9,79
6397662777,Victorylights,广西,男,未认证,普通用户,无,,信用较好,未知,未知, ,2017-11-10 16:13:28,212,703,43274,8638,18,"8,276",344
1742850993,V再也见不到杰克,海外 美国,男,未认证,普通用户,无,别苦了兄弟,信用极好,未知,未知,水瓶座,2010-05-17 10:19:55,721,1133,19670,1.1万,"3,363","6,851",985
1592204451,Wandsworder,河南 郑州,男,未认证,普通用户,无,Don't Panic,信用极好,未知,未知,1990-01-01 摩羯座,2009-11-30 21:18:01,1567,832,25642,1.8万,"10,417","5,695","2,375"
6130454012,XJ-phq,其他,男,未认证,普通用户,无,,信用较好,未知,未知, ,2017-02-25 14:15:49,14,634,1284,42,21,0,21
3042542472,ZEROCC_,广东 深圳,女,未认证,普通用户,无,🍀,信用较好,未知,未知,1999-10-15 天秤座,2012-12-29 21:46:35,200,439,3301,2984,"1,126",80,"1,778"
3009069805,Zaoless_不知道诶,湖南,男,已认证,名人,游戏博主,好好说话。,信用极好,未知,河海大学,1997-06-26 巨蟹座,2012-10-14 21:19:10,488,489,1621,2811,"1,757",152,902
1401659004,Zodzod_张浩,北京 西城区,男,已认证,名人,新浪微博 数据分析师 头条文章作者,凡所有相，皆是虚妄。若见诸相非相，则见如来。,信用极好,微梦创科,清华大学,处女座,2010-07-01 18:21:03,261634,9218,89301,149万,"96,298","1,153,389","240,688"
1951546171,_吾乃天水姜伯约,重庆 渝中区,男,未认证,普通用户,无,,信用较好,未知,杭州师范大学,1994-08-27 处女座,2011-02-05 10:42:15,47,124,2566,565,365,51,149
5202588508,_夜风-微醉,黑龙江 哈尔滨,女,未认证,普通用户,无,爱我所爱 Who the hell do you think you are？,信用较好,未知,未知,天秤座,2014-07-02 20:43:56,91,99,921,341,1,305,35
2455181061,baimaxifeng,其他,男,未认证,普通用户,无,房间应该有窗,信用较好,未知,未知,双鱼座,2011-11-09 17:07:42,309,383,5328,4017,"3,005",498,514
1957263794,beer9119,河北 石家庄,男,未认证,普通用户,无,,信用较好,未知,未知,1973-09-01 处女座,2011-02-22 11:36:34,512,562,12075,2610,"1,772",538,300
5396892187,ceecywang,广东,女,未认证,普通用户,无,,信用较好,未知,未知,1995-01-01 摩羯座,2019-05-08 08:53:32,6,287,11150,47,19,3,25
6142393979,charliew-value,其他,男,未认证,普通用户,无,,信用较好,未知,未知, ,2017-03-03 23:51:35,56,923,2685,339,116,90,133
1935953251,cuteify,海外 美国,男,未认证,普通用户,无,菜鸟,信用较好,未知,未知,,2011-01-26 22:54:57,363,377,16189,3265,846,"2,152",267
6814983611,dafadafacai,江苏 南京,男,未认证,普通用户,无,自由自在~,信用较好,未知,南京大学,2000-09-23 天秤座,2018-11-02 14:07:58,91,398,5275,180,62,25,93
3845022470,du2prs,福建 厦门,男,未认证,普通用户,无,流水不争先,信用较好,未知,未知,2000-02-17 水瓶座,2013-10-11 20:18:04,159,1762,2033,502,124,26,352
5711144123,dxdx-dx,内蒙古 呼和浩特,男,未认证,普通用户,无,,信用较好,未知,未知,1989-02-14 水瓶座,2015-09-26 12:35:31,63,28,5167,234,108,62,64
5581448684,exciting的璇,北京 朝阳区,男,未认证,普通用户,无,加班狗,信用较好,未知,未知,1993-12-21 射手座,2015-04-05 23:19:15,140,460,5868,616,257,125,234
3312526542,feng子麦,广东 佛山,男,未认证,普通用户,无,美食治愈人心 (┯_┯),信用较好,未知,未知,1993-01-29 水瓶座,2013-04-09 19:45:13,182,189,24331,8092,273,"6,822",997
2138587922,gbrrrrrrd,海外 美国,女,未认证,普通用户,无,GBR!,信用较好,未知,未知,,2011-05-07 15:14:01,586,1419,75597,2.5万,"2,978","20,953","1,418"
1417648144,ge189189189,湖北 武汉,男,未认证,普通用户,无,我本是散淡的人，城楼观山景。,信用较好,未知,未知,,2011-11-28 15:06:54,162,601,14514,1703,226,950,527
1951385895,hiahia哦哦哦,河北 张家口,男,未认证,普通用户,无,,信用极好,未知,未知,水瓶座,2011-02-05 06:13:57,79,571,14648,985,135,564,286
1643478405,hymoonlight,湖南 长沙,男,未认证,普通用户,无,处世浅些，悟世深些。,信用较好,未知,未知,双鱼座,2011-08-30 22:33:15,368,2166,15549,5299,"1,521","3,271",507
2052944351,i-乐活劳工,海外 阿根廷,男,未认证,普通用户,无,对中小学教育略有思考...,信用较好,未知,未知,,2011-03-29 11:00:47,226,133,2972,236,65,19,152
1282642975,janeeeer,北京 海淀区,男,未认证,普通用户,无,鱼儿水中游，游啊游。,信用较好,未知,未知,1986-05-20 金牛座,2011-01-19 17:19:17,89,359,388,115,51,6,58
1819914875,jhonny214,山西,男,未认证,普通用户,无,,信用较好,未知,未知,1983-02-14 水瓶座,2010-09-15 01:00:31,63,93,22556,312,14,27,271
2773272791,jihjlf,黑龙江 大庆,男,未认证,普通用户,无,,信用较好,未知,大庆石油高级中学, ,2012-07-04 11:29:33,19,642,14199,173,30,9,134
5706704431,kaoefhhv,湖北 武汉,男,未认证,普通用户,无,,信用较好,未知,未知, ,2015-09-20 07:04:21,44,332,36,33,1,0,32
2425264712,kuli_chen,上海 宝山区,男,未认证,普通用户,无,,信用较好,未知,未知, ,2011-09-26 15:30:54,740,4079,9101,533,72,374,87
2871474872,lingelf1182,贵州 遵义,女,未认证,普通用户,无,,信用较好,未知,未知, ,2012-07-16 09:55:02,151,768,30307,1590,476,741,373
7295964030,lookfor如梦之梦,河南 郑州,男,未认证,普通用户,无,,信用较好,未知,未知, ,2019-08-30 17:24:50,6,160,2464,83,23,25,35
6008741925,lucky小景鲤,其他,女,未认证,普通用户,无,,信用较好,未知,未知,处女座,2016-08-23 07:55:48,59,638,7234,1623,318,350,955
1587357111,mantianxingxing,山西,男,未认证,普通用户,无,,信用较好,未知,未知, ,2010-07-29 07:27:53,244,404,12863,284,50,92,142
1939374217,miffycat,上海 闵行区,女,未认证,未知,无,,信用较好,未知,未知,巨蟹座,2011-01-28 21:52:28,460,2854,38355,2.6万,"1,980","23,008","1,154"
2690278801,molaifeng2012,北京 海淀区,男,未认证,普通用户,无,phper&gopher,信用极好,未知,未知, ,2012-04-01 13:14:13,248,705,10318,6639,379,"5,782",478
5476685584,naitttt玩去吧,其他,女,未认证,普通用户,无,平安喜乐,信用较好,未知,未知, ,2015-02-18 00:06:13,26,786,2351,33,8,3,22
1927065952,ne-_-ya,上海,男,未认证,未知,无,,信用极好,未知,上海海洋大学,1998-08-28 处女座,2011-05-19 09:18:50,1290,1452,37365,2.9万,"6,162","22,282",707
6156621672,nobodymomo123,广东 梅州,男,未认证,普通用户,无,,信用较好,未知,未知, ,2017-02-25 14:33:47,72,1277,15323,625,126,179,320
2129002727,oO王朝Oo_,广东 深圳,男,未认证,未知,无,繁华三千，落袋为安~,信用较好,未知,未知,处女座,2011-05-11 23:52:09,1057,680,5549,3400,"1,059",277,"2,064"
1576559057,offjkc3487,黑龙江,男,未认证,普通用户,无,,信用较好,未知,未知, ,2010-12-08 10:25:14,379,2626,15989,2166,310,"1,487",369
5604432154,oo_FooL,四川 成都,男,未认证,普通用户,无,,信用较好,未知,未知,1986-05-02 金牛座,2015-05-09 12:39:47,314,156,3189,151,89,12,50
6070378274,piu黄少,湖南 怀化,男,未认证,普通用户,无,,信用较好,未知,遵义市南白一中,2001-01-19 摩羯座,2016-11-26 14:19:25,203,1258,1011,31,7,1,23
1377094437,quyangzl,河北 石家庄,男,未认证,普通用户,无,懂点教育和投资：顺木之天、循道笃行,信用较好,未知,未知,1970-06-05 双子座,2019-10-29 16:30:26,122,48,9383,806,177,107,522
3935757824,soppy42,其他,男,未认证,普通用户,无,,信用较好,未知,未知, ,2013-12-10 23:10:26,119,1244,9145,97,22,19,56
2366448920,the_special_blackcat,上海 浦东新区,男,未认证,未知,无,Always.,信用较好,未知,未知,1988-07-02 巨蟹座,2011-09-02 00:10:45,1243,1480,56433,13.1万,"6,801","112,999","11,300"
1880597634,tina咪咪,北京 朝阳区,女,未认证,普通用户,无,最爱小猫咪,信用极好,未知,未知,白羊座,2011-01-24 18:45:48,1055,348,179413,1.2万,"4,766","4,230","2,696"
6358927906,tinder6358927906,湖北,女,未认证,普通用户,无,,信用较好,未知,未知, ,2017-09-01 18:46:57,48,815,3581,70,21,8,41
5638509038,touristui5638509038,其他,男,未认证,普通用户,无,,信用较好,未知,未知, ,2017-01-24 08:18:12,15,306,20,23,0,0,23
1784185850,trumpTheClown,其他,女,未认证,普通用户,无,时定高中 一年Q班,信用较好,未知,未知,1989-06-04 双子座,2010-11-22 22:51:11,95,305,629,120,77,19,24
2541253405,uilero,其他,男,未认证,普通用户,无,这个号没有岁月静好，就是用来喷傻逼的。公知 饭圈 女拳 精日 精韩biss,信用较好,未知,未知, ,2012-04-30 17:37:59,140,436,3011,2197,164,131,"1,902"
7428906914,utoo333,云南 昆明,女,未认证,普通用户,无,,信用一般,未知,未知, ,2020-04-04 11:38:39,6,214,758,12,1,0,11
5610254738,v12绵羊仔,其他,男,未认证,普通用户,无,,信用较好,未知,未知, ,2015-05-16 16:41:28,1697,444,5023,376,85,202,89
5178119003,v_killerrr,广东 深圳,男,未认证,普通用户,无,,信用较好,未知,未知,1990-12-12 射手座,2014-06-13 22:30:50,206,625,17293,322,165,33,124
7548419382,whatAFancyWorld,其他,男,未认证,普通用户,无,we fight for those who cannot.曹塔马的以色列猪狗. 猪狗的粉丝举报我.,信用较好,未知,未知,2006-01-12 摩羯座,2021-01-12 13:53:16,82,120,30870,314,153,46,115
1623108290,wo952718,湖北,男,未认证,普通用户,无,专注于纯碱尿素pvc趋势操作,信用较好,未知,武汉大学,1979-09-30 天秤座,2009-10-29 15:48:37,155,327,8383,248,26,143,79
7519709030,xxkkmm2020,其他,男,未认证,普通用户,无,……,信用较好,未知,未知, ,2020-11-07 07:44:38,50,131,2567,72,8,4,60
5350482410,x无尽星空x,其他,男,未认证,普通用户,无,,信用较好,未知,未知,2010-11-24 射手座,2014-10-30 11:36:51,3,134,10079,239,140,46,53
3214088391,yang86109097,陕西 汉中,女,未认证,普通用户,无,,信用较好,未知,未知,1980-09-27 天秤座,2013-01-07 13:25:28,254,328,4441,92,5,6,81
7303407658,yggggggggy,其他,男,未认证,普通用户,无,一个渴了会喝水的星座,信用较好,未知,未知,2000-01-26 水瓶座,2019-09-10 21:48:28,60,560,39504,453,129,113,211
1763754981,yoyoo程,海外 澳大利亚,女,未认证,普通用户,无,科技财经领域创作者 。知乎：yoyoo程,信用较好,未知,悉尼大学, ,2011-07-26 19:17:26,358,996,1071,1778,258,157,"1,363"
1898664175,yufranktian,新疆 伊犁,男,未认证,普通用户,无,我们生来就是孤独,信用极好,未知,未知,天秤座,2010-12-21 02:12:50,5210,14304,67284,3801,611,"2,000","1,190"
1568877120,zergwd门格尔,天津 河东区,女,未认证,普通用户,无,监狱的生活给我上了一堂很重要的课，如果算上要把肥皂捏紧的话那就是两堂，是的。——米尔豪斯·法力风暴,信用极好,未知,未知,1981-11-25 射手座,2011-06-20 11:10:43,790,1728,35344,8605,"1,816","6,097",692
5087774188,zhuxiaofeng1717,天津 河北区,男,未认证,普通用户,无,qiong,信用较好,未知,未知,天蝎座,2014-03-28 20:09:22,64,400,2498,117,66,18,33
1407286502,zigamber,四川 成都,男,未认证,普通用户,无,愿乘长风，破万里浪。,信用较好,未知,未知, ,2011-03-11 23:27:49,370,190,53114,6.9万,"11,909","51,823","5,004"
1628690694,zmwkshw,四川 成都,男,未认证,普通用户,无, ,信用较好,未知,未知,,2011-01-23 08:42:26,434,1736,45001,828,182,426,220
7259397797,一切反洞派都是纸老虎,广西,男,未认证,普通用户,无,,信用较好,未知,未知,1990-07-14 巨蟹座,2019-07-25 01:02:36,73,608,3446,410,43,21,346
1809151654,一口芬达一口AD钙,福建,男,未认证,普通用户,无,,信用较好,未知,未知,天蝎座,2010-09-09 22:36:23,695,216,29637,10.9万,"8,589","48,073","51,948"
2692052787,一只澳洲大袋鼠,河北 衡水,女,未认证,普通用户,无,背水一战,信用较好,未知,燕山大学,1992-03-12 双鱼座,2012-04-03 23:40:43,181,847,12750,971,165,578,228
7163015314,一大坨坨猫猫丢了,其他,女,未认证,普通用户,无,,信用较好,未知,未知,1996-12-07 射手座,2019-05-26 16:37:44,182,6019,68501,1.3万,"5,297","2,599","4,863"
5427203351,一株细细的韭菜,广东 深圳,男,未认证,普通用户,无,人们通常知道什么是正确的事情，但他们往往做出错误的选择，这仅仅是因为做正确的事情太难了。,信用较好,中国科学技术大学,中国科学院大学,1900-01-01 摩羯座,2014-12-17 09:29:15,122,1471,7004,549,219,76,254
1417813571,一猪绝尘,四川 成都,男,未认证,普通用户,无,,信用较好,其它,未知,金牛座,2010-09-29 01:21:19,426,318,7586,2882,"2,303",245,334
1765091324,一直特深沉,北京 海淀区,男,未认证,普通用户,无,,信用较好,未知,华南师范大学,射手座,2010-09-02 22:44:26,568,943,12440,9247,"1,584","7,018",645
7296953318,一级市场拣辣鸡亚军,北京,女,未认证,普通用户,无,,信用一般,未知,未知, ,2019-09-01 02:19:16,18,222,5294,2599,246,291,"2,062"
1025906303,一般的卫小游,云南 昆明,女,未认证,普通用户,无,走着夜路唱着歌。,信用较好,未知,未知,,2011-10-17 03:42:03,119,1022,12890,1万,"3,788","4,232","2,212"
5485643413,一般社员李·Spielberg,北京,男,未认证,普通用户,无,多干活，少废话，多倾听，心态放平，谁都一个样，哪里分得出高下。我是一个不能称得上是宅男的动漫爱好者๛ก(ｰ̀ωｰ́ก),信用较好,未知,未知,1996-10-11 天秤座,2015-01-18 15:21:49,2964,14866,256568,3.6万,"1,772","28,336","6,149"
7380481832,一页一页不停留,广东 深圳,男,未认证,普通用户,无,一剑开天门,信用一般,未知,未知, ,2020-01-28 01:14:23,73,153,8511,1196,376,379,441
1768999514,七年夏扑蝉_永远,其他,男,未认证,普通用户,无,っ不解风情的混蛋,信用极好,未知,未知,,2010-10-03 22:24:57,219,441,20993,422,186,74,162
6500883604,七斛不渴,其他,男,未认证,普通用户,无,,信用较好,未知,未知,天蝎座,2018-03-05 19:12:36,63,114,991,73,8,0,65
7213083204,七言绝句巴扎黑,海外,男,未认证,普通用户,无,,信用一般,未知,未知, ,2019-06-30 05:50:33,115,155,1195,862,657,42,163
1506193824,万物皆污秽,河南 洛阳,男,未认证,普通用户,无,发灭世大愿，诛一切魔、一切恶、一切苦、一切污秽,信用较好,未知,未知,1992-06-12 双子座,2014-07-15 11:52:48,79,282,27466,1009,92,457,460
5089035753,三一三十一一,其他,男,未认证,普通用户,无,革命永不过时。,信用较好,未知,未知, ,2014-03-30 01:11:02,286,4756,30425,791,216,191,384
5667116206,三少爷的剑Lee,安徽,男,未认证,普通用户,无,📚我要去学习了。  📮合作请联系：3030361067@qq.com,信用较好,科大讯飞,复旦大学,1990-01-11 摩羯座,2015-08-03 03:27:52,1329,6252,22562,2568,946,178,"1,444"
7099012002,三希腾潜,江苏 南京,男,未认证,普通用户,无,,信用较好,未知,未知,1996-06-26 巨蟹座,2019-04-26 03:05:26,81,583,31369,464,242,40,182
1311321062,上了發條減肥的吃貨,上海,女,已认证,名人,互联网科技博主,正在努力減肥的吃貨一枚,信用极好,未知,中国医科大学,水瓶座,2011-01-31 10:13:14,102869,2285,61807,20.3万,"24,927","154,800","23,581"
1698253584,不再是小编了,湖北,女,未认证,普通用户,无,中共党员。三观是总开关。原博昵称：希望从头再来。,信用极好,未知,未知,,2010-02-22 17:16:51,5226,213,16224,2.4万,"5,758","10,385","8,281"
6597243398,不是你的微风也就不必挽留,北京,男,未认证,普通用户,无,,信用较好,未知,未知,2007-11-01 天蝎座,2018-07-10 19:04:22,44,2980,18981,1866,130,117,"1,619"
7828304398,不曾放棄的船長,上海,男,未认证,普通用户,无,,信用较好,未知,未知,1971-03-24 白羊座,2023-03-23 23:25:46,20,192,201,384,32,6,346
1408957117,不知我者,福建 泉州,男,未认证,普通用户,无,,信用较好,未知,未知,1992-01-02 摩羯座,2010-04-21 15:07:09,141,771,28790,5310,"1,082","2,659","1,569"
7077538939,东南方向西北风,辽宁,女,未认证,普通用户,无,我是谁？😂😂😂,信用较好,未知,未知,1949-10-01 天秤座,2019-04-13 16:47:20,63,1357,1096,341,130,39,172
1823796270,东岸村Niko,广东 珠海,男,已认证,名人,数码博主,放下助人情节，尊重他人命运；,信用极好,未知,未知,水瓶座,2010-09-20 19:40:36,209499,2883,22730,77.9万,"203,317","164,221","411,724"
1184024064,东方红DongFanghong,江苏 南通,女,未认证,普通用户,无,,信用较好,未知,未知, ,2011-10-20 12:18:16,717,2437,32012,1437,551,161,725
6272767178,东风转西,北京 大兴区,男,未认证,普通用户,无,,信用较好,未知,未知,1982-05-27 双子座,2017-06-05 22:26:12,89,2065,27914,522,56,34,432
6294722183,之啊了盎,北京,男,未认证,普通用户,无,诗人  学者  书画家,信用较好,未知,未知, ,2017-06-26 14:15:02,39528,237,687,1296,38,423,835
3126517487,乔大兜,广西 贺州,男,未认证,普通用户,无,,信用较好,未知,未知, ,2012-11-18 00:47:26,224,460,10664,343,30,13,300
1863448325,乔恩格尔,北京 东城区,男,未认证,未知,无,Y,信用极好,未知,未知,1993-05-23 双子座,2010-11-15 18:43:12,402,1149,15916,253,34,53,166
1626222827,乖乖宝贝nini,其他,男,未认证,普通用户,无,,信用较好,未知,未知, ,2011-06-30 09:23:01,1,191,764,31,16,0,15
7625544588,九月的琴酒,新疆,女,未认证,普通用户,无,,信用较好,未知,未知,1981-06-27 巨蟹座,2021-06-12 01:09:51,9,503,1858,278,135,4,139
6593264073,九段棋手蔡菜子,台湾,女,已认证,名人,互联网科技博主,防迷路小号：@呆弯茶叶蛋,信用极好,未知,未知,1994-10-03 天秤座,2018-07-06 18:15:37,105525,985,31666,514.6万,"505,706","643,495","3,996,715"
2019763481,二代目将军德川秀忠,其他,男,未认证,普通用户,无,the night beckon,信用较好,未知,未知, ,2011-03-11 14:37:27,365,1977,23663,1.2万,912,"9,045","1,612"
3266235981,二哈嗷嗷叫嗷嗷叫,北京 海淀区,男,未认证,普通用户,无,,信用较好,未知,北京大学,,2013-04-19 18:56:10,473,3430,9937,905,46,703,156
6280602790,云卷风扬,吉林 通化,男,未认证,普通用户,无,夕阳无限好，黄昏尤其妙！,信用较好,退休,未知,1962-08-23 处女座,2017-06-15 02:12:40,63,606,6381,2612,119,"2,047",446
6212071612,云栈纡,上海 杨浦区,男,未认证,普通用户,无,在涅贵不淄，暧暧内含光,信用较好,未知,未知,双鱼座,2017-10-08 18:08:09,110,103,405,1424,631,12,781
3462321922,云淡风清_200111,山西,男,未认证,普通用户,无,,信用较好,未知,未知, ,2013-05-13 21:07:18,504,727,9912,207,73,1,133
6297420754,五万棵椰枣树和三百眼水井,其他,女,未认证,普通用户,无,天行健，君子以自强不息。,信用较好,未知,未知,1999-06-29 巨蟹座,2017-06-25 22:43:31,389,405,7778,3422,"1,241",192,"1,989"
1646251250,享受孤独2025,山西,男,已认证,名人,头条文章作者,哪一句话能让你想起我？,信用较好,未知,未知,水瓶座,2010-02-13 19:55:46,470,181,58311,5946,664,798,"4,484"
1788073602,人在哪就旺到哪,广东 广州,女,未认证,普通用户,无,暴躁田野,信用较好,未知,华南理工大学,狮子座,2011-07-21 02:06:18,152,1261,1590,404,129,69,206
7274872105,什么时候可以115,其他,男,未认证,普通用户,无,瞎扯来的/镇魂,信用较好,未知,未知,2001-09-22 处女座,2019-08-06 21:37:10,3,637,4830,644,158,141,345
6989821696,今天你学到了什麼,上海,男,未认证,普通用户,无,人这辈子很短的，几十个冬夏罢了，有人活了三四五十个冬夏，有人七八十个。所以，希望我们都能快乐。,信用较好,未知,扬州大学,1995-02-09 水瓶座,2019-02-09 15:19:05,116,1982,2985,208,79,13,116
2334472865,仗义疏财鲁子敬,山东 济南,男,未认证,普通用户,无,没有什么简介,信用较好,未知,菏泽学院,双子座,2011-08-30 18:10:15,3755,626,22927,4.1万,"11,847","20,479","8,699"
7407773427,仙人掌果实1,陕西,男,未认证,普通用户,无,,信用较好,未知,未知,1970-01-01 摩羯座,2020-03-07 12:14:43,184,854,11545,829,109,136,584
5251851097,以哈哈为名,青海 西宁,男,未认证,普通用户,无,努力做一个温暖的人。 早安，午安，晚安。,信用较好,未知,山东财经大学,水瓶座,2014-08-13 19:05:42,412,690,412,384,58,8,318
7407257402,任我行-200203,四川,男,未认证,普通用户,无,,信用较好,未知,未知,1986-11-28 射手座,2020-03-07 00:46:43,10,82,926,32,2,5,25
3089487123,伊利达雷之怒,重庆 江北区,男,已认证,名人,游戏博主 微博原创视频博主,闻鸡起舞者，必乐祸之人。,信用极好,信息技术,未知,1992-12-07 射手座,2012-11-02 18:57:44,538239,293,27830,5099.6万,"4,332,792","2,321,410","44,341,384"
5546078146,伊藤薄饼,四川,男,已认证,名人,知政观察团成员 政务新媒体学院讲师,政务新媒体培训、咨询、系统支撑等业务合作 请联系itohiromochi@qq.com,信用较好,未知,未知,1987-01-10 摩羯座,2015-03-09 09:54:10,1532,510,3010,6190,"2,202","1,523","2,465"
2967485143,伍彤2012,北京 朝阳区,女,未认证,普通用户,无,静待岁月，改变自己。,信用较好,北京金工公司,北京铁路职工子弟第四小学,1957-11-08 天蝎座,2012-10-09 11:31:32,254,188,7592,2683,140,"1,680",863
2181195532,优惠价姜,其他,男,未认证,普通用户,无,,信用较好,未知,未知, ,2011-06-18 21:37:11,858,4868,19351,467,96,6,365
6188842666,住在二楼的鲁鲁,北京,男,未认证,普通用户,无,非著名手机行业商业洞察从业者,信用较好,未知,华南理工大学, ,2017-09-21 18:15:32,439,482,920,623,321,51,251
3271529524,何以解忧-l,广东 广州,女,未认证,普通用户,无,没有梦想的咸鱼,信用较好,未知,未知,摩羯座,2013-04-17 21:56:46,145,599,5268,420,253,88,79
1665586715,何妨笑吟且徐行,北京 朝阳区,男,未认证,普通用户,无,,信用较好,未知,未知,1980-01-25 水瓶座,2009-12-02 11:52:45,322,333,75122,3582,476,"2,257",849
7026061105,作家张叔同,广东,男,未认证,普通用户,无,"用古文写时评，你可以在评论区经常看见我。我能流畅阅读古籍文言,还能用所学知识征服日常实用写作。",信用一般,未知,未知,1991-10-09 天秤座,2019-03-09 22:08:50,14,1124,2663,131,13,15,103
2656186762,你别是个小笨蛋吧,四川 成都,男,未认证,普通用户,无,其实我谁都不喜欢 我只喜欢自己,信用较好,未知,未知, ,2012-01-07 18:01:09,73,1548,6423,3643,239,"3,173",231
6510798969,你又在摸鱼吗,其他,男,未认证,普通用户,无,,信用较好,未知,未知, ,2018-03-21 00:51:34,79,401,1045,200,45,17,138
6501183924,你心里的阴影,辽宁,男,未认证,普通用户,无,,信用较好,未知,未知,1993-03-01 双鱼座,2018-03-06 19:52:38,198,386,9414,694,286,62,346
5934193202,你的胰子,北京,男,未认证,普通用户,无,,信用较好,未知,未知,1990-01-01 摩羯座,2016-05-17 20:44:41,503,577,13246,2454,393,"1,670",391
6339578004,侠客行苍烟,湖北 宜昌,男,未认证,普通用户,无,,信用较好,未知,三峡大学,1998-03-28 白羊座,2017-08-10 16:35:58,121,288,28852,1451,186,"1,023",242
3210624552,侠迁龙,北京,男,未认证,普通用户,无,,信用较好,未知,未知, ,2014-03-11 23:23:31,72,87,201,89,35,2,52
5660975656,俉徳,其他,男,未认证,普通用户,无,懒人一个,信用较好,专业疏通下水道,未知,1996-02-22 双鱼座,2015-07-25 21:02:29,120,18,59068,1477,114,964,399
6489550035,傻大个676,内蒙古,男,未认证,普通用户,无,,信用较好,未知,未知,1967-01-01 摩羯座,2018-04-10 07:18:08,45,542,1043,904,43,366,495
5299536495,全球快乐鸽,上海 闵行区,男,未认证,普通用户,无,互联网无差别骂街用户，但对精神病很宽容，如果我对你的愚蠢言论表现得和颜悦色，说明你（  ）。天雷老皮，🥔，🎲，🔥🔥🔥,信用较好,未知,未知,1994-07-02 巨蟹座,2014-09-20 13:09:01,692,3000,48539,24.2万,"25,793","135,540","80,755"
6741350229,全球突发,安徽,男,未认证,普通用户,无,朱元璋,信用较好,未知,未知,天蝎座,2018-10-04 09:08:26,400,2163,9838,253,41,72,140
2291429207,八大山债人,其他,男,已认证,名人,互联网科技博主,这个山头的所有东西都是我的，包括你,信用极好,未知,未知, ,2011-08-07 23:28:55,926913,1256,24030,90.2万,"120,646","288,406","492,940"
1826427927,公子我是小青,北京,男,未认证,普通用户,无,花魁,信用较好,未知,未知,2011-01-01 摩羯座,2010-10-06 01:46:32,12346,1055,44355,5.2万,"10,346","11,171","30,500"
6084272671,兰中彧,其他,女,未认证,普通用户,无,在这样的年纪，生活还没有撞疼我们，责任感和悔恨也还都不敢损伤我们，我们还敢于看，敢于听，敢于笑，敢于惊讶，也敢于做梦。——托尔斯·曼 ​​​,信用较好,未知,沈阳师范大学,1995-04-02 白羊座,2016-12-20 00:19:08,1501,1881,16611,5.2万,"16,028","12,016","24,418"
1829852597,冀翼book,天津 和平区,男,未认证,普通用户,无,万事开坑难，可更难的是把坑填上(づ｡◕‿‿◕｡)づ,信用较好,未知,未知,双子座,2010-10-14 17:38:30,1122,2188,103561,5.2万,"2,570","45,626","4,302"
6724214810,内个智同学,天津,男,未认证,普通用户,无,生命不息奋斗不止,信用较好,未知,未知,1989-07-12 巨蟹座,2018-09-26 15:30:47,98,1264,6650,3113,70,"2,907",136
2750621294,内含子,广东 广州,男,已认证,名人,微博科学科普账号 科学科普博主 科学科普答主,一切都是基因，一切都是环境，终究已注定:-) 一切都是激素，一切都是递质，谁也逃不离:-) （勿穿凿）,信用极好,中山大学,北京协和医学院,1975-04-04 白羊座,2012-04-04 03:46:09,2579620,576,90849,466万,"671,306","1,493,672","2,494,541"
2261014344,农民身的Nan孩,广东 佛山,男,未认证,普通用户,无,“不懂农民就不懂得中国”（引）,信用较好,未知,未知,1994-12-01 射手座,2011-07-22 11:46:58,295,252,6599,1978,"1,083",377,518
1425285581,冥王星1974,广西 防城港,男,已认证,名人,马拉松运动员,当你判断对错的时候，请站到更高的平台上。,信用极好,未知,未知,,2010-04-09 15:46:00,467072,4822,59915,58.8万,"66,616","338,663","182,991"
2400966427,冬亚,江苏,男,已认证,名人,美食博主,低俗才是人生的常态,信用极好,未知,中国农业大学,,2011-10-07 18:04:50,2851261,1247,139683,1.28亿,"13,471,417","10,809,489","103,487,069"
1882315937,冬季湖,浙江 温州,男,未认证,普通用户,无,,信用极好,未知,未知,1990-01-21 水瓶座,2010-12-04 18:59:20,442,1303,8984,461,155,78,228
1957545970,冬眠中的毛毛熊,江苏 南京,男,未认证,普通用户,无,,信用较好,未知,未知,1981-12-11 射手座,2011-02-22 15:57:15,265,1600,7066,2939,"1,580",977,382
5628362641,冬眠的大浣熊,上海 闵行区,男,未认证,普通用户,无,双子的如风，无故被销号了,信用较好,未知,未知, ,2015-06-09 23:36:20,1920,1795,80451,16.3万,"29,946","90,167","42,598"
5063472374,冰山一角JYQ,四川 南充,女,未认证,普通用户,无,,信用较好,未知,未知,1994-03-18 双鱼座,2014-03-08 17:45:09,251,394,30987,1582,132,679,771
7105790593,冰泉狼,上海,男,未认证,普通用户,无,,信用较好,未知,未知,1989-04-27 金牛座,2019-04-29 17:13:26,1,196,146,8,0,0,8
1224726222,冷雨敲窗无心眠,重庆 沙坪坝区,男,已认证,名人,新浪读书原创作家,文艺学硕士，网络作家。,信用较好,未知,重庆师范大学, ,2009-08-28 16:34:10,2649,2918,17189,6102,"1,218","4,286",598
1829613610,冻未调,海外 美国,男,未认证,普通用户,无,一个花痴是不会这么正经地死掉的......哇咔咔！,信用较好,未知,Michigan Technological University,1985-02-09 水瓶座,2010-09-26 17:00:42,260,500,1941,2767,"2,278",347,142
1496883514,凯雷,北京,男,已认证,名人,资深媒体人 头条文章作者,媒体人「本人微博所表達言論與供職機構立場無關」,信用极好,媒体,中国人民大学,,2009-09-23 22:52:53,2466155,5683,90265,2653万,"3,076,188","3,513,576","19,940,410"
3797039863,凯风自东南,广东,男,未认证,普通用户,无,维系一段感情，除了用心和甜言蜜语外，还要努力变得更加优秀。,信用较好,未知,未知,1989-11-04 天蝎座,2013-09-14 12:29:19,630,5000,95765,8068,480,"6,027","1,561"
7290938156,切格瓦拉同志的微博,江苏,男,未认证,普通用户,无,我想革命是不朽的,信用较好,未知,未知,金牛座,2019-08-24 20:04:32,323,1516,73671,8665,"1,158","4,744","2,763"
5887075284,刘森來问,海外,男,未认证,普通用户,无,爱♡飯堂做義工.,信用较好,未知,未知,1900-07-27 狮子座,2016-03-25 15:06:30,110,744,9235,3138,271,130,"2,737"
6409921019,刘钟缘,其他,女,未认证,普通用户,无,,信用较好,未知,未知, ,2017-11-14 18:25:02,6,46,2214,35,9,11,15
7717585578,初暮-薄光,其他,男,未认证,普通用户,无,说他是大众雷点就禁三天绝了，也罢，禁一秒他早一天流落街头吧，毕竟人人喊打已经达成了（这玩意还屡试不爽呢诶嘿）,信用一般,未知,未知, ,2021-10-22 20:12:11,40,405,6360,1580,72,"1,069",439
7810401218,利根川进Eric,黑龙江,男,未认证,普通用户,无,,信用一般,未知,未知,1977-11-05 天蝎座,2022-12-24 16:58:05,78,247,9024,2127,650,794,683
1837201490,别想太多-快乐就好,福建 南平,女,未认证,普通用户,无,说了别想太多，但还是会想太多,信用较好,未知,未知,1978-12-21 射手座,2010-11-05 13:08:28,335,1396,3795,1344,114,"1,071",159
2784714244,前三十年,广东,男,未认证,普通用户,无,前三十年睡不醒，后三十年睡不着……,信用较好,能兴科技,韶关学院,,2012-04-26 22:55:34,207,580,20244,633,97,315,221
3014489505,劳动密集型止咳糖浆,福建,男,未认证,普通用户,无,,信用极好,未知,山东蓝翔职业学校,巨蟹座,2012-10-16 18:59:01,56,125,10937,6955,"3,669",808,"2,478"
1804656237,勤劳慈祥狠无奈,四川,男,未认证,未知,无,御赐《巫山图潮》匾额，天涯国际观察版主，战略忽悠楼被局座欠薪若干年的狠无奈！！！,信用较好,未知,未知,天秤座,2010-11-23 21:08:42,247905,337,192770,132万,"75,683","1,201,515","42,450"
5392104623,匍匐潜行喵喵喵,其他,男,未认证,普通用户,无,,信用较好,未知,未知,,2014-11-30 16:45:56,70,1592,427,48,31,2,15
6800854453,化叶逝02497,其他,男,未认证,普通用户,无,,信用较好,未知,未知, ,2018-10-27 16:14:02,28,112,85,40,8,0,32
3272311911,北极春天2021,上海,男,未认证,普通用户,无,,信用较好,未知,未知,1900-01-01 摩羯座,2013-03-07 16:09:27,901,2088,98311,4.8万,"3,868","35,034","9,371"
5512928961,十一yb,其他,女,未认证,普通用户,无,世上无难事，只要肯登攀。,信用较好,未知,未知,摩羯座,2015-02-09 10:38:06,113,907,1908,747,163,38,546
1591859865,千帆999,新疆,男,未认证,普通用户,无,烂柯人,信用较好,未知,未知,,2010-07-08 13:09:36,132,1240,4162,153,55,36,62
7806335646,千年罒一叹,江苏,女,未认证,普通用户,无,,信用较好,未知,未知,1997-08-16 狮子座,2022-12-07 13:38:52,19,186,514,16,1,0,15
6240546289,升学有门--学业规划杨老师,其他,男,未认证,普通用户,无,,信用较好,未知,陕西师范大学, ,2017-05-08 17:00:11,4,282,6242,42,2,7,33
3213451355,半罐水不专,四川,男,未认证,普通用户,无,书籍是造就灵魂的工具。,信用较好,未知,未知,双子座,2013-01-31 14:40:59,127,65,3265,353,19,22,312
7325798400,卓卓不忱,其他,女,未认证,普通用户,无,厚德载物✨,信用较好,Internet自由冲浪公司,未知,2001-02-11 水瓶座,2019-10-22 21:41:08,417,452,3401,1.2万,"3,631",367,"7,736"
2973451084,南湖的记忆,上海 浦东新区,女,未认证,普通用户,无,,信用极好,未知,未知, ,2013-01-13 17:02:17,345,4700,9041,841,512,54,275
5921256891,南無法帝的微笑,四川 眉山,男,已认证,名人,CEAC办公软件应用专家资格证持有者 微博原创视频博主,苟，才是王道,信用较好,未知,中央电视广播大学,金牛座,2016-05-06 16:48:32,3250,3034,43349,8.5万,"14,874","16,240","53,934"
7821896010,博士小镇镇长,其他,男,未认证,普通用户,无,,信用较好,未知,未知, ,2023-02-18 09:41:45,354,2795,52587,183,24,16,143
7782984182,博物馆说书喵,浙江 杭州,女,未认证,普通用户,无,仅仅只是个臭说书的，所有发言均代表个人不代表单位，别跟我杠，我擅长查文献和你杠(˵¯͒〰¯͒˵),信用一般,良渚博物院（良渚研究院）,未知,1993-03-28 白羊座,2022-08-17 13:03:02,2196,1256,20371,27.6万,"5,085","237,025","33,704"
2016528501,反叛的仮面高达,湖北 荆门,男,未认证,普通用户,无,此处略去62个字,信用极好,未知,未知,金牛座,2011-03-10 23:25:02,224,330,17085,3106,"2,219",589,298
1626954513,吃完饭就得洗碗这叫生活,其他,女,未认证,普通用户,无,2025，养。举重若轻，这是一个游戏，过犹不及,信用极好,未知,未知,,2010-01-26 00:29:44,1766,2527,97804,1.9万,"8,672","4,045","5,872"
7403045863,吃瓜ZSSL,上海,男,未认证,普通用户,无,抵制劣迹艺人,信用较好,未知,未知,1900-12-31 摩羯座,2020-03-02 01:45:11,47,1618,2613,1388,78,7,"1,303"
1840091230,向保险,江苏 苏州,男,未认证,普通用户,无,,信用较好,未知,未知,1987-11-26 射手座,2010-10-03 13:37:06,648,3550,33788,2240,351,"1,252",637
1174859387,听邓紫棋新歌靓仔仪V,广东 广州,男,未认证,未知,无,无聊ing,信用较好,其它,未知,处女座,2010-02-23 23:40:45,1354,2838,26021,2万,"11,962","5,347","2,971"
6121124772,吴易平的第三个围脖,其他,男,未认证,普通用户,无,之前的号 炸了。。。,信用较好,未知,未知, ,2017-01-27 17:01:30,1734,2341,378596,43.5万,"11,344","359,874","63,686"
3043827350,告诉耳朵93,陕西,女,未认证,普通用户,无,📷,信用较好,未知,未知,1993-10-03 天秤座,2012-12-30 11:04:07,147,398,153,160,92,3,65
1983561281,呓语_宅喵君,广东 汕头,男,未认证,普通用户,无,,信用较好,未知,未知,1988-01-03 摩羯座,2011-02-21 20:09:00,231,1012,26859,1602,979,144,479
1901960730,周炜开,浙江 温州,男,未认证,普通用户,无,"一輩子很長,得和有趣的人们在一起.",信用较好,未知,未知,1982-02-15 水瓶座,2011-10-14 13:01:29,552,3182,59775,3176,389,"2,403",384
1302921871,和杨小胖的幸福生活,四川 成都,女,未认证,普通用户,无,中年社畜一枚，每天两点一线，,信用较好,未知,未知, ,2010-02-08 15:40:35,183,1047,15502,2183,"1,112",386,685
6465631642,和贺_qhh,湖南,女,未认证,普通用户,无,,信用一般,未知,未知,水瓶座,2018-01-20 04:32:26,387,418,16280,407,88,123,196
2113011077,咽炎有谈,河北,男,未认证,普通用户,无,木讷善良，不善言谈,信用极好,未知,未知,1970-06-15 双子座,2011-04-30 16:12:13,1208,1294,61372,8.1万,"4,373","62,387","13,854"
3847131719,哗哗啦啦_14616,河南 南阳,女,未认证,普通用户,无,,信用较好,未知,未知,摩羯座,2013-10-12 16:11:11,169,2728,33318,284,95,14,175
7199811342,哗某咋可能有底线,其他,男,未认证,普通用户,无,20241012哗子使唤深圳/东莞䰸按系统来跨省传话形成某种政彡台恐下，进而懆控舆抡，哗子你老本行一贯手段可以的😅，浪费公共资源警历为自己操控舆论,信用较好,贼喊捉贼舆论操控公司黑暗行为记录台,上海交通大学, ,2019-06-18 12:04:46,65,404,3055,950,60,70,820
1985231783,唐七今天就抄袭道歉了吗-没有,内蒙古 呼和浩特,男,未认证,普通用户,无,新的一年祝523霉运亨通，肖战糊穿地心,信用极好,未知,呼和浩特市第二中学,1995-12-08 射手座,2011-02-22 21:28:11,263,482,5653,6326,"1,848","1,330","3,148"
1915490515,喜提广东儿子小米高端必成,其他,男,未认证,未知,无,,信用极好,未知,未知,水瓶座,2011-01-08 21:27:48,1616,860,5892,1031,316,334,381
3844419049,喜欢一只扣入人心的龙,其他,女,未认证,普通用户,无,本质欧美粉，最爱1D哎哟是卷妹辣！欧美粉一家亲哟(❁´ω`❁),信用较好,未知,未知, ,2013-10-13 10:49:43,95,4566,34359,1942,569,940,433
2084085545,喝过你的咖啡,辽宁 大连,男,未认证,普通用户,无,旅游钓鱼有我、摄影收藏有我、炒股买彩有我、球迷有我、卡拉有我、捐款有我。小时淘气老师批评我说：啥事都有你？老师我没放火没抢粮食没盗墓。,信用极好,中冶焦耐,辽宁财贸学院,1964-01-15 摩羯座,2011-04-13 01:18:02,5261,3249,43750,4.2万,"11,935","15,554","14,673"
3214661217,喵醬能活,其他,男,未认证,普通用户,无,双相情感障碍,信用较好,ICU,华东神学院, ,2013-08-16 19:00:23,134,4952,86325,2742,579,416,"1,747"
7308459958,四时五柳先生,山东 青岛,男,未认证,普通用户,无,喝一坛醉生梦死的酒，去见一个名叫桃花的女人,信用较好,未知,未知,1976-06-30 巨蟹座,2019-09-20 20:56:19,35,1416,3476,334,10,10,314
7210011190,四眼大QIN,四川,男,未认证,普通用户,无,,信用较好,未知,未知,1982-05-19 金牛座,2019-06-27 15:22:27,155,393,1775,49,10,0,39
2177998641,囡儿贝北,北京,男,未认证,普通用户,无,,信用较好,未知,未知,,2011-10-24 11:08:47,198,4056,399,96,39,9,48
5823180089,囧鸽,上海 宝山区,男,已认证,名人,数码博主,评测开箱合作请私信，或wx：woshijionge,信用极好,宅,上海商学院,天秤座,2016-01-07 11:58:40,1153609,806,75075,1127万,"1,667,642","2,486,265","7,115,596"
5672074842,困兽野性的呼唤,海外 美国,男,未认证,普通用户,无,世上无难事，只要肯登攀。,信用较好,未知,未知,1995-10-18 天秤座,2015-08-09 09:53:01,173,725,16361,517,13,248,256
2317725743,土伦国的小猪猪,海外,男,未认证,普通用户,无,,信用较好,未知,未知,,2011-08-23 11:21:47,169,1384,8461,986,365,49,572
7442639111,圻圻ryan,河南 郑州,女,未认证,普通用户,无,孤心盛宴,信用较好,未知,未知, ,2020-04-25 10:02:36,8,423,29832,1556,150,647,759
1887847173,墨_KTD,北京 朝阳区,男,未认证,普通用户,无,Бесконечный бег 生命未息 鶱翥弗隮 不閟夢想 惟愛思量,信用较好,教育/科研,未知,水瓶座,2010-12-09 17:24:17,100,877,47110,8106,"1,000","3,129","3,977"
5947061429,墨尔本晴天1117,天津,女,未认证,普通用户,无,,信用较好,天津百事通国际旅行社有限公司,未知, ,2016-06-07 13:19:46,23,581,816,10,3,0,7
3167405893,墨殇游龙,上海 浦东新区,男,未认证,普通用户,无,此后如竟没有炬火，我便是唯一的光,信用极好,未知,南京大学,1995-05-03 金牛座,2012-11-27 17:02:02,537,1373,27351,4.5万,"10,740","29,706","4,577"
1741041901,夏荷青岚,广东 深圳,女,未认证,未知,无,我就是我…,信用极好,无,暨南大学,天蝎座,2010-05-13 14:13:54,1706,566,56046,6.7万,"48,474","11,454","7,470"
5926606259,夜盲侠fallen,海外 新加坡,女,未认证,普通用户,无,,信用较好,未知,未知,摩羯座,2016-05-09 10:21:04,158,1124,12440,1137,38,784,315
5089899451,大份奶糖沙冰,海外,女,未认证,普通用户,无,生活如此美好，学会做一个热爱生活的人。有生之年一定要去看一看斯特拉斯堡的冬雪,信用较好,未知,未知,1996-01-26 水瓶座,2014-03-29 07:55:55,57,1079,38498,1581,37,"1,308",236
7459102566,大圆困困子,广东,女,未认证,普通用户,无,,信用较好,未知,北京大学深圳研究生院,水瓶座,2020-05-24 11:28:54,78,649,5141,3451,"2,416",154,881
5281424720,大天草,上海 崇明县,男,未认证,普通用户,无,看着新能源车流哈喇子,信用较好,未知,未知,金牛座,2014-09-05 18:20:16,17353,10529,90924,6120,955,"2,958","2,207"
2143396371,大新abc,浙江 温州,女,未认证,普通用户,无,你好,信用较好,未知,未知,,2011-05-26 22:27:20,1503,825,59381,3286,505,513,"2,268"
1740120323,大橘已定-这是一条尾巴,广东 深圳,男,未认证,未知,无,😁,信用极好,未知,未知,水瓶座,2010-05-10 22:39:16,602,737,8040,6468,"5,038","1,223",207
5330484122,大漠孤煙894722899,其他,男,未认证,普通用户,无,,信用较好,未知,未知, ,2014-11-23 13:49:28,51,247,2740,39,12,4,23
2608966995,大红矛,北京,男,已认证,名人,互联网科技博主 微博原创视频博主,天下谈军 改的名儿，野生中央7套（农业军事）。,信用极好,未知,未知, ,2012-02-01 15:10:15,194865,577,38449,334.2万,"328,309","846,080","2,167,927"
1092211747,大魔王FCP,广东 广州,男,未认证,普通用户,无,个人上网冲浪用，不是数码博主，看电源评测请到fcpowerup.com,信用较好,未知,未知,,2010-02-18 14:59:31,19292,1352,36160,91万,"105,795","581,581","222,679"
6304356528,大龙神666,其他,男,未认证,普通用户,无,,信用较好,未知,未知, ,2017-07-05 12:51:10,19,163,6976,80,6,20,54
3053294135,天上蹲,浙江 杭州,男,未认证,未知,无,程序员,信用较好,阿里巴巴,未知,白羊座,2012-10-18 13:21:16,810,1028,28277,4.1万,"1,873","35,563","3,204"
2305939762,天堂子时,北京 海淀区,女,未认证,普通用户,无,,信用极好,未知,未知, ,2011-08-13 07:03:21,130,790,15502,237,20,83,134
2032334004,天大地大_南柯一梦,江苏 苏州,女,未认证,未知,无,,信用较好,未知,未知,金牛座,2011-09-04 13:29:44,293,351,25446,4468,793,"2,925",750
7485653495,天大地大心静如水,北京,男,未认证,普通用户,无,,信用较好,未知,未知,1976-07-20 巨蟹座,2020-07-31 16:04:34,85,216,10515,654,335,28,291
5761333392,天天_198112,辽宁,男,未认证,普通用户,无,,信用较好,未知,未知, ,2015-11-16 21:41:54,380,789,13953,472,289,32,151
5208691876,天真的人请你忘了自己,其他,男,未认证,普通用户,无,不再乐观  不再悲观,信用较好,未知,未知,天蝎座,2014-07-07 21:36:24,43,96,2133,913,465,36,412
6906470722,奔跑de金牛,广东,男,未认证,普通用户,无,,信用较好,未知,未知,金牛座,2018-12-30 02:33:08,37,117,1664,285,75,147,63
2190140640,奧爾登堡,海南 海口,男,未认证,普通用户,无,喵喵喵,信用极好,未知,东北财经大学,天蝎座,2011-06-23 20:31:36,5246,1925,49589,24.3万,"25,639","202,908","14,425"
2621926743,奶爸富贵,海外 加拿大,男,未认证,普通用户,无,外表佛儒双修，内心道法自然,信用较好,未知,未知, ,2012-02-18 15:45:52,56,445,6066,588,340,127,121
3046826933,好哒主公,其他,男,未认证,普通用户,无,毁灭吧,信用极好,未知,未知,1996-02-15 水瓶座,2013-01-08 11:57:54,425,280,23010,1158,130,421,607
2158900685,好想眠,浙江 杭州,女,已认证,名人,时尚博主,月亮代表我的心里有问题.,信用较好,未知,未知,1900-10-01 天秤座,2011-06-02 15:00:05,323,771,23815,1592,319,776,497
6321698999,如观自在,其他,男,未认证,普通用户,无,动静等观,信用较好,未知,未知, ,2017-07-18 21:58:30,492,14688,59502,2181,223,626,"1,332"
3189071300,姜思燚,其他,女,未认证,普通用户,无,昔者庄周梦为蝴蝶，栩栩然蝴蝶也，自喻适志与，不知周也。俄然觉，则蘧蘧然周也。不知周之梦为蝴蝶与，蝴蝶之梦为周与？,信用较好,未知,未知,双子座,2013-02-13 10:18:21,270,1705,41748,1.7万,423,"13,904","2,490"
1650676067,子安美人,广东 广州,男,未认证,未知,无,非常一般的黑魔法师,信用极好,未知,未知,,2012-01-16 21:25:39,590,616,6491,4605,"3,046",142,"1,417"
1763388183,孙斌1990,北京 海淀区,男,已认证,名人,数码博主 头条文章作者,合作联系sunbin1990@foxmail.com,信用极好,未知,未知,1990-02-18 水瓶座,2010-07-10 23:54:43,867702,2497,112680,490.1万,"1,256,936","794,686","2,849,680"
1219735484,孙舒凝-劳动最光荣,辽宁 丹东,男,未认证,普通用户,无,人生得意须尽欢，走稳自己的路就好,信用极好,未知,未知,,2011-08-29 22:39:46,1103,424,10983,6021,"3,460","1,488","1,073"
7306969819,宁姚的陈平安呀,其他,男,未认证,普通用户,无,更有甚者…,信用较好,未知,未知, ,2019-09-17 23:38:07,1570,1421,26639,13.2万,"4,756","97,293","29,845"
5600450081,宅女嘛嘛,香港,女,未认证,普通用户,无,,信用较好,未知,未知, ,2015-04-30 19:51:03,49,252,4525,344,32,90,222
1287241435,守正不出奇奇奇,其他,男,已认证,名人,财经博主,个人记录，非投资建议,信用极好,未知,山东大学,射手座,2009-11-03 17:19:33,148065,4098,200252,62.2万,"134,268","216,257","271,075"
5845138626,安是我的name,其他,男,未认证,普通用户,无,守住自己～,信用较好,未知,未知,,2016-02-05 18:30:27,121,650,604,163,13,2,148
1685815193,宋师傅123,上海 金山区,男,未认证,普通用户,无,看图出奇迹，基本面毁一生！,信用较好,未知,未知,,2010-03-16 20:09:59,1341,1887,56349,3万,"6,480","20,356","3,286"
1637221207,宋悦,北京 海淀区,男,已认证,名人,互联网科技博主,吃亏是福,信用极好,未知,未知,金牛座,2010-01-16 12:56:55,452490,2077,108818,42.5万,"65,370","220,156","139,362"
1074133471,定风波里无雨晴,江苏 苏州,男,未认证,普通用户,无,南京财经大学毕业，苏州从业超十四年的地产店经理,信用极好,未知,未知,射手座,2011-09-30 12:31:33,138,428,2100,397,99,63,235
6402074485,客路斯呀呀呀,北京,男,未认证,普通用户,无,杰夫同学的回收厂驻新浪微博代表处,信用较好,未知,西南政法大学,水瓶座,2017-11-02 22:03:49,49,257,4173,89,17,0,72
7397537551,家有墨宝6,其他,男,未认证,普通用户,无,,信用较好,未知,未知, ,2020-02-22 14:22:45,175,199,10164,130,1,19,110
1662343695,寒2009,浙江 台州,男,未认证,普通用户,无,临渊羡鱼，不如退而结网,信用较好,未知,未知,,2009-11-20 17:59:28,227,177,709,1394,"1,265",97,32
1779804465,封言讽语,北京 海淀区,男,未认证,未知,无,,信用极好,未知,未知,射手座,2010-07-20 13:05:54,655,1023,4118,2030,969,977,84
5850313256,小Tom猫868,江苏,男,未认证,普通用户,无,💤,信用较好,未知,南京理工大学,1926-12-19 射手座,2016-02-06 12:11:38,241,458,1099,133,18,62,53
3038307047,小乐唐3033038307047,其他,男,未认证,普通用户,无,,信用较好,未知,未知, ,2012-10-29 00:25:39,111,502,6161,309,172,11,126
1731352133,小书李,重庆 南川区,男,未认证,普通用户,无,一个消极的人有什么错？作为一个总在努力克服悲观的人，我得承认做一个消极的人更需要勇气。,信用较好,未知,未知,1988-04-17 白羊座,2010-04-17 20:26:07,305,1942,21255,493,67,238,188
6972533125,小二哈又偷懒了,其他,男,未认证,普通用户,无,,信用较好,未知,未知, ,2019-01-25 10:48:43,22,1055,2041,19,6,0,13
6878661518,小卷揍大萝,其他,男,未认证,普通用户,无,,信用较好,未知,未知, ,2018-12-08 18:08:15,36,595,4551,152,51,2,99
2938876967,小小文_蜗牛爬行日记,广西 桂林,男,未认证,普通用户,无,这微微的一次生命，一定要有精彩的人生！,信用较好,未知,桂林电子科技大学,1990-12-18 射手座,2012-09-04 22:53:30,115,222,6011,643,181,45,417
2023188682,小强的猫,安徽 合肥,男,未认证,未知,无,.....语言缺乏.小透明..吃货.全职的后勤君…正升级科技树的猫,信用较好,未知,上海海事大学,1992-01-25 水瓶座,2011-03-20 13:55:12,1442,1651,46060,4.7万,"12,068","30,364","4,662"
7388913882,小德子与小兜子,江西,男,未认证,普通用户,无,,信用较好,未知,未知,1988-11-05 天蝎座,2020-02-08 13:24:57,175,2412,37696,913,125,432,356
5480592320,小怪兽子木,其他,女,未认证,普通用户,无,,信用较好,未知,未知,1992-12-05 射手座,2015-01-16 01:15:02,27,208,1485,14,1,0,13
2271636043,小熊剪完指甲变成了小能,海外 其他,男,未认证,未知,无,云撸猫、詹黑、咸党、桃子只要甜不分软脆。,信用较好,未知,未知,白羊座,2011-07-27 19:35:22,1265,1627,37035,10.8万,"3,713","98,613","5,924"
2473863187,小王爷的屋,广东 广州,男,未认证,普通用户,无,愿少年 乘风破浪 他日勿忘化雨功,信用较好,未知,未知,2011-07-31 狮子座,2011-11-18 21:32:08,181,44,26231,737,97,213,427
1850849825,小米的baba,山东 青岛,男,未认证,普通用户,无,LEGO科学老师， 把脑科学研究支持的教学策略应用到课堂实践中。,信用较好,泰乐机器人,未知,,2010-11-07 17:32:07,435,1717,9090,628,134,353,141
1298152074,小雅采薇-,海外 其他,女,未认证,未知,无,努力变成一个拥有有趣灵魂的人,信用极好,未知,未知,射手座,2010-10-28 23:37:32,1937,824,18758,1.1万,"5,237","2,839","3,135"
5766760820,小香瓜大番茄,其他,女,未认证,普通用户,无,,信用较好,未知,未知, ,2015-11-20 20:01:36,1,203,1074,5,0,0,5
5391398423,小鱼儿09285,其他,男,未认证,普通用户,无,,信用较好,未知,未知, ,2014-12-21 12:00:31,24,219,6217,3664,390,12,"3,262"
1687516424,尖峰时刻ii,上海,男,未认证,普通用户,无,个人学习娱乐之地也。,信用较好,未知,未知,,2010-01-31 16:32:08,1545,4984,82402,4408,"1,260","2,401",747
1903951291,尼克安闲,江苏 苏州,男,已认证,名人,校园博主,亚里士多德曰：吾爱吾师，吾更爱真理。笛卡尔曰：我思故我在。,信用极好,苏州大学,辽宁师范大学,狮子座,2012-02-16 13:19:52,184179,4666,317250,207.6万,"275,563","993,967","806,834"
6224717129,尾教飞仙拔土废版,其他,男,未认证,普通用户,无,,信用较好,未知,未知,1996-03-27 白羊座,2017-04-24 22:26:23,43,237,3183,39,12,4,23
2401690321,居心叵测在哪,内蒙古 包头,男,未认证,普通用户,无,也就这样,信用较好,未知,天津市城建学院,1991-07-22 巨蟹座,2011-10-08 18:11:01,921,5043,94597,1429,268,565,596
7284531510,屋有恶犬,内蒙古,男,未认证,普通用户,无,我就瞅瞅,信用较好,未知,未知,1996-08-17 狮子座,2019-08-17 16:10:51,66,633,60852,2578,419,467,"1,692"
7329374803,山水田园_,其他,男,未认证,普通用户,无,,信用较好,未知,未知, ,2019-10-28 18:54:31,77,86,5900,345,70,148,127
6034772609,布朗叮当猫,上海 黄浦区,女,未认证,普通用户,无,个人吐槽博。,信用较好,未知,未知,1977-11-16 天蝎座,2016-09-30 16:39:08,628,3057,23766,1.3万,"2,077","9,022","1,875"
2476997015,布罗塔,广东 深圳,男,未认证,普通用户,无,,信用较好,未知,未知,,2011-11-19 21:55:00,17,848,9562,445,97,210,138
2589860725,带着风的云,安徽 铜陵,男,未认证,普通用户,无,VX: laoyundelaoyun,信用较好,未知,未知,,2012-11-25 14:18:10,136,378,7767,395,85,56,254
7629829666,幂律长尾_再生,北京,男,未认证,普通用户,无,,信用较好,未知,未知,1990-02-11 水瓶座,2021-06-18 22:31:30,74,496,24153,1925,41,"1,482",402
6098108439,幻乐一场2046,其他,女,未认证,普通用户,无,,信用较好,未知,未知, ,2017-01-01 02:43:57,151,1192,17177,1179,70,897,212
1759322533,幽冥剑,上海,男,未认证,普通用户,无,破碎虚空,信用极好,未知,未知,,2010-06-18 10:14:11,520,377,50269,5.8万,"5,038","50,622","2,640"
3021347603,开半扇窗撑伞,广东 广州,男,未认证,普通用户,无,,信用较好,未知,未知, ,2012-10-21 13:30:24,163,984,24567,592,68,206,318
3089741280,开心一天是一天吖,陕西 西安,女,未认证,普通用户,无,陌生的人请给我一支兰州,信用较好,Gvizcvjn,上海六中,1984-03-17 双鱼座,2012-12-22 00:46:00,107,602,886,142,62,4,76
5181861267,张十四Niddhog,其他,男,未认证,普通用户,无,欢迎。,信用较好,未知,未知, ,2014-06-16 20:39:22,213,1470,57825,3699,92,"3,312",295
5566634538,张子钿,安徽,男,已认证,名人,互联网科技博主 头条文章作者,V信：wu2098758,信用极好,未知,东南大学,1978-08-08 狮子座,2015-04-25 18:17:14,711956,2493,65306,1130.2万,"700,176","894,637","9,706,872"
7405831589,张树vii,其他,男,未认证,普通用户,无,一个码不出字的码字员,信用较好,未知,蓝翔技术学校,1900-03-02 双鱼座,2020-03-05 08:35:32,237,2492,4420,3401,331,"2,164",906
1684868247,喜热地冰,其他,男,未认证,普通用户,无,,信用较好,未知,未知,1990-01-01 摩羯座,2010-01-21 14:59:47,45,2026,15534,605,429,68,108
1923735547,徐州市中心医院影像科朝伟,江苏 徐州,男,已认证,名人,  徐州市中心医院职员,你都如何回忆我，带着笑或是很沉默,信用较好,徐州市中心医院,徐州医科大学,1990-01-19 摩羯座,2011-01-16 22:48:27,610,1716,6249,1124,544,157,423
1484615441,徐雨1972,其他,男,未认证,普通用户,无,,信用较好,未知,未知, ,2013-08-26 04:59:15,376,1111,6126,1387,290,435,662
7717465508,微甜带辣王铁梅,其他,女,未认证,普通用户,无,理想是人人有衣有食有书读有工作（喜欢《好东西》）,信用较好,未知,未知, ,2021-10-23 10:24:02,234,863,29877,7526,"1,286","4,551","1,689"
7478791787,德彪股份有限公司董事长,安徽,男,未认证,普通用户,无,范德依彪开原总彪,信用较好,未知,未知,巨蟹座,2020-07-09 19:59:21,37,208,936,190,28,53,109
7794872989,忸忸怩怩200205,北京,男,未认证,普通用户,无,,信用一般,未知,未知,1996-08-12 狮子座,2022-10-10 23:50:50,10,35,68,66,19,0,47
1392593074,怦然心动Mars是伪文青,浙江 杭州,男,未认证,未知,无,不羁，桀骜不逊。,信用极好,未知,未知,白羊座,2010-01-24 12:06:45,315,2384,50325,1.1万,"2,548","6,878","1,764"
1307385797,悟得非常空,广西 南宁,女,未认证,普通用户,无,拥有胖子狗子猫子的人！,信用较好,未知,未知,1988-09-23 天秤座,2010-02-15 09:44:59,459,488,11939,8920,"1,476","6,947",497
7493167268,想要下巴的小王,辽宁 盘锦,女,未认证,普通用户,无,一夜暴富不是梦还能是什么,信用较好,未知,未知,1989-11-20 天蝎座,2020-08-18 17:56:49,38,3391,34006,265,46,94,125
1180239967,意志力无下限的废物,广东 广州,男,未认证,普通用户,无,涼宮ハルヒ親衛團團長「自稱」,信用较好,家,未知,,2009-11-20 15:54:35,386,516,24399,1882,712,652,518
5589492260,意甲周刊,天津,男,未认证,普通用户,无,意甲新闻速览,信用较好,未知,未知, ,2015-04-16 08:12:29,176,5115,6099,332,35,14,283
6545423131,愤怒的老六2022,其他,男,未认证,普通用户,无,所有内容由人工智障生成。,信用较好,未知,未知,处女座,2018-05-09 23:02:30,310,324,1151,275,8,19,248
6217271561,慢慢ing199304,江苏 南通,男,未认证,普通用户,无,,信用较好,未知,未知, ,2017-10-10 17:08:24,35,692,10177,42,9,5,28
2506871672,戊戌泰山,北京,男,未认证,普通用户,无,,信用极好,未知,未知,1973-07-08 巨蟹座,2011-11-01 10:28:55,4169,1479,67540,13.2万,"16,280","71,790","44,209"
6115194546,我今天吃早饭了没,其他,女,未认证,普通用户,无,,信用较好,未知,未知, ,2017-01-26 19:13:14,6,1272,7093,104,8,16,80
7247336380,我听说你狗屁不是,其他,女,未认证,普通用户,无,,信用较好,未知,未知, ,2019-07-21 19:17:48,46,1608,17258,142,36,0,106
7495106190,我在花明处,江苏,男,未认证,普通用户,无,楽勝！楽しょう ♪,信用较好,未知,未知,2000-04-26 金牛座,2020-08-23 14:08:49,10,533,1081,137,89,20,28
5548779844,我就是小浆糊,河南 郑州,男,未认证,普通用户,无,。。。,信用较好,未知,南阳理工学院, ,2015-03-10 23:36:17,42,213,2492,21,5,3,13
5893274536,我是小小仙女棒,山东,女,未认证,普通用户,无,,信用较好,未知,未知, ,2016-04-05 19:57:01,245,5488,56883,300,32,17,251
6547391406,我是约克,湖北,男,已认证,名人,军事博主,即日起不再使用本号，有事周五晚上直播聊，懂的都懂，不懂也没必要懂,信用较好,未知,未知,,2018-05-11 23:00:12,216445,1612,27702,87.1万,"115,126","238,427","516,958"
7412703286,我爱陈晓雯,其他,女,未认证,普通用户,无,,信用较好,未知,未知, ,2020-03-14 17:55:59,6,410,4501,67,3,6,58
1525781703,我的球被人偷了,其他,男,未认证,普通用户,无,对什么都有兴趣，都只有三分钟，并没有几个朋友,信用较好,未知,未知,处女座,2010-02-07 00:45:57,88,174,15393,1100,419,302,379
5406673033,戛纳柯东,其他,男,未认证,普通用户,无,FILM FAN,信用较好,未知,未知, ,2014-12-09 19:03:37,61,459,713,398,75,21,302
1007986421,手机用户1007986421,其他,男,未认证,普通用户,无,,信用较好,未知,未知, ,2013-06-14 20:08:37,176,1934,5231,324,153,8,163
6242456655,打呼打,澳门,男,未认证,普通用户,无,rip it out,信用较好,未知,未知,双子座,2017-05-24 21:52:43,8,938,3976,265,87,45,133
5623866717,打捆人生2015,河北,男,未认证,普通用户,无,,信用较好,未知,未知,1971-07-14 巨蟹座,2015-06-03 15:17:16,672,1216,15369,3.9万,"7,954","5,285","25,970"
2057173957,托尼狗,河北 沧州,男,未认证,普通用户,无,白日晴空予花绽 百花不过因春来  将那朵云彩也跨越 直到吹至天际彼方,信用极好,未知,未知,1989-05-13 金牛座,2011-03-31 18:40:41,250,4299,87281,6972,968,"3,273","2,731"
1053458311,扪虱拍浮亦丈夫,江苏 苏州,男,未认证,普通用户,无,有匪君子，如切如磋，如琢如磨,信用极好,未知,未知,天秤座,2010-11-21 01:02:27,647,1458,16522,1665,493,"1,026",146
1344132041,把握Sir,江苏,男,未认证,普通用户,无,看看花花世界，顺带说些废话。,信用较好,未知,未知,金牛座,2010-02-05 14:20:04,438,2001,13081,3771,"1,121","1,371","1,279"
6867487585,投笔刘,其他,男,未认证,普通用户,无,,信用较好,未知,四川大学, ,2018-11-28 19:29:11,3118,970,12465,2.4万,"2,783","14,379","7,080"
7292268366,招材小牛猫,江苏,男,未认证,普通用户,无,,信用较好,未知,未知,1997-08-25 处女座,2019-08-25 17:59:32,74,367,2276,192,7,16,169
2824351443,拾萬個不知道,新疆 乌鲁木齐,男,未认证,普通用户,无,好吧,信用较好,未知,未知,1991-06-04 双子座,2012-09-21 22:16:58,113,840,4412,1258,940,128,190
1114821194,捉鬼大师姚景茂,福建 漳州,男,未认证,普通用户,无,"喜看稻菽千重浪,遍地英雄下夕烟。",信用极好,未知,福州大学,1995-07-12 巨蟹座,2011-08-09 15:16:37,58,640,4222,1754,362,459,933
3952215829,控线被越推线被抓TT,浙江,男,未认证,普通用户,无,彼时的归途，已是一条命运倒悬的路。,信用较好,未知,浙江理工大学,1994-08-24 处女座,2013-12-23 02:47:07,158,516,293,685,462,2,221
7804267727,搂六搂kalal,江苏 常州,男,未认证,普通用户,无,,信用一般,未知,未知,2006-05-25 双子座,2022-11-28 21:19:19,268,879,4259,105,3,14,88
2,n_yunfan_1cc8bc_f21,其他,男,未认证,普通用户,无,,信用较好,未知,未知,未知,未知,0,346,0,0,0,0,0
5894677719,摇摇千里,其他,男,未认证,普通用户,无,,信用较好,未知,山东工程职业技术大学, ,2016-04-08 19:52:13,49,1930,2011,223,67,2,154
1703404117,摸鱼的老王,上海 闸北区,女,未认证,未知,无,清澈的爱  只为中国,信用极好,未知,未知,1987-01-12 摩羯座,2010-03-02 11:23:26,1464,1988,23012,6.2万,"8,156","49,402","4,572"
5470051926,数学创新为王,湖北,男,未认证,普通用户,无,微信公众号：数学创新为王。,信用较好,未知,未知,水瓶座,2015-02-07 09:35:12,348,387,19934,6656,916,"1,249","4,491"
7718032191,文艺逼爱念经,其他,男,未认证,普通用户,无,纸皮来看你爹啦，镇魂,信用较好,未知,未知, ,2021-10-27 14:57:11,15,238,2483,668,23,75,570
2167353534,斗牛小邹,上海,男,未认证,普通用户,无,中立立场者，理性的思考现实与社会。无宗教信仰，但有自己的道德和文化信仰，有自己的人生信念！崇拜祖先。,信用极好,未知,未知,,2011-06-10 17:01:29,538,400,13576,4406,"1,810","1,352","1,244"
1413348541,斯倍格,山东 潍坊,男,未认证,普通用户,无,财经博主,信用较好,未知,未知,,2010-12-06 00:07:11,459,780,8758,535,107,203,225
1817181977,方汤圆China,广东 广州,男,未认证,普通用户,无,关闭了粉丝提示，互粉随缘。,信用极好,未知,未知,双子座,2010-09-10 15:21:08,4360,1231,8797,7552,"3,924","1,868","1,760"
2155488040,施丹vanquish,广东 江门,男,未认证,普通用户,无,"用简单嘅方法完成一件复杂事情,系一种境界.and you can call me 俊哥.",信用较好,未知,未知,,2011-06-02 19:01:00,216,1986,5563,294,187,18,89
1047972162,施瓦本的云,上海 嘉定区,男,未认证,未知,无,没有理想的人不伤心,信用较好,未知,未知,狮子座,2010-09-22 23:33:24,490,650,2986,8538,"6,597",365,"1,576"
7570639950,无穷的探索2,上海,男,未认证,普通用户,无,,信用较好,未知,未知, ,2021-03-02 12:06:24,199,169,83402,4.8万,"4,240","41,161","2,237"
2614178325,无胆超,其他,男,未认证,未知,无,海和浪花一朵,信用极好,未知,南京大学,1992-08-17 狮子座,2012-02-12 17:36:05,210,1098,1145,446,270,95,81
1010482623,旭日昇平2,其他,男,未认证,普通用户,无,,信用较好,未知,未知,1980-01-30 水瓶座,2014-03-06 20:24:48,576,3792,5017,183,10,3,170
2691321762,时光2025年,海外,男,未认证,普通用户,无,记录时间流逝。,信用较好,未知,未知,1984-01-01 摩羯座,2012-01-28 22:59:09,1623,5721,1439015,1.4万,"2,932","5,990","4,872"
7746713032,时间会治愈一切O,其他,男,未认证,普通用户,无,寇可往，吾亦可往。,信用较好,未知,未知, ,2022-03-21 18:17:34,267,1833,5401,37,6,12,19
5043553158,易拉宝三号,山东 济南,男,未认证,普通用户,无,色影无忌 建筑设计师,信用较好,未知,未知,1984-12-22 摩羯座,2014-02-19 20:19:32,252,999,156960,1.6万,"3,729","10,857","1,135"
5527851258,星汉胡杨,北京,男,未认证,普通用户,无,笨鸟不等风…,信用较好,为真,北京科技大学,1970-06-07 双子座,2015-02-19 08:19:31,1695,5117,237652,2.1万,"4,132","2,823","14,034"
7486519266,星球杯吃干不用勺,其他,女,未认证,普通用户,无,人间值得,信用较好,未知,未知,天秤座,2020-08-02 23:14:07,69,1995,7137,135,99,0,36
6408519646,星辰大海莱茵哈特,其他,女,未认证,普通用户,无,,信用较好,未知,未知,1999-01-22 水瓶座,2017-11-23 11:22:04,67,2216,12123,711,95,416,200
1621374347,春光伴随成长,上海,男,已认证,名人,教育博主 头条文章作者,心法和道。,信用极好,春光会,未知,天蝎座,2010-03-19 09:21:07,357784,1669,45453,86.3万,"85,344","203,488","574,091"
1239497855,春风又吹红了花蕾,北京,男,未认证,普通用户,无,你好,信用较好,未知,未知,,2011-03-08 19:33:43,294,2290,1460,167,6,3,158
1863329984,是也being,山西 吕梁,男,未认证,普通用户,无,,信用较好,BDM,未知,摩羯座,2010-10-28 11:08:55,467,1335,3376,133,47,60,26
1849308091,晚秋暮雪不言迟,四川 成都,男,未认证,普通用户,无,终于找到你,信用较好,未知,未知,,2011-11-11 14:12:20,206,1564,4530,806,454,65,287
3135834003,暖暖_小白,其他,女,未认证,普通用户,无,关你屁事,信用较好,未知,未知,,2012-11-23 13:45:03,384,2607,30892,9277,511,"7,654","1,112"
1461901600,曹善人,上海 黄浦区,男,未认证,普通用户,无,美国登月不容置疑,信用较好,未知,未知,1975-10-01 天秤座,2010-12-07 12:29:49,140,101,6017,1720,751,737,232
3987534020,月中天lson,其他,男,未认证,普通用户,无,你是我人见人爱里 最爱的那一个,信用较好,未知,未知,1900-01-01 摩羯座,2014-01-20 09:51:11,257,1632,38023,1752,847,569,336
1010989023,月色菁,其他,女,未认证,普通用户,无,,信用极好,未知,未知,,2014-02-28 03:33:08,187,1123,10140,1918,438,505,975
6256840697,有花当折枝-,其他,女,未认证,普通用户,无,我比流言蜚语更早认识你⋯,信用较好,未知,未知, ,2017-05-22 16:05:09,197,1270,3337,5902,"1,449",77,"4,376"
2751714104,有风的夏夜,河北 保定,女,未认证,普通用户,无,,信用较好,未知,未知,1980-01-01 摩羯座,2018-10-21 11:11:04,47,879,32135,1712,36,"1,322",354
1655724581,望月开心,山东 济南,男,已认证,名人,互联网科技博主 超话主持人（望月体育超话） 微博原创视频博主 微博VLOG博主,,信用极好,未知,未知,射手座,2009-10-23 14:36:52,291499,1011,66377,93.5万,"167,316","65,805","702,194"
3816881213,木丰树森,其他,男,未认证,普通用户,无,,信用较好,未知,未知, ,2013-09-24 21:05:39,58,148,1276,63,16,2,45
6558887179,木子丶已飞,其他,男,未认证,普通用户,无,,信用较好,未知,未知, ,2018-05-25 19:09:58,18,281,578,137,48,28,61
1304165014,木木爱太阳_,浙江 宁波,女,未认证,普通用户,无,,信用极好,未知,未知,,2010-08-02 13:09:33,463,478,3046,639,353,69,217
6580696037,未来可期13567,其他,男,未认证,普通用户,无,不拼尽全力试试又怎么会知道,信用一般,未知,未知,巨蟹座,2018-06-22 15:51:21,31,1718,4117,76,57,1,18
1850813841,本博纯属虚构,其他,男,未认证,未知,无,镇魂🌸,信用极好,未知,未知,白羊座,2010-11-07 16:54:36,136,199,1174,1444,872,94,478
7532041703,朱瞻塙,其他,男,未认证,普通用户,无,,信用较好,未知,未知, ,2020-12-06 14:24:48,9,161,4548,267,2,1,264
6211579931,机器猫香喷喷,其他,男,未认证,普通用户,无,,信用较好,未知,未知, ,2017-04-25 10:21:24,93,752,14925,779,64,327,388
1660526995,李好宽同学,江苏,男,已认证,名人,中国摄影师协会会员 数码博主 头条文章作者,全平台同名，全网粉丝200万+ 微博主攻图文/摄影/好物分享 视频在抖音、快手更新,信用极好,互联网,苏州科技大学,1997-04-29 金牛座,2011-10-17 15:26:45,1786778,2710,38593,388.6万,"934,562","322,989","2,628,067"
1219159440,李家怼怼,山东 济南,男,未认证,普通用户,无,李铁刚,信用较好,未知,未知,,2011-11-26 07:23:15,226,377,35411,1602,971,457,174
3603612184,李舟-,河北 廊坊,男,未认证,普通用户,无,,信用极好,未知,未知,摩羯座,2013-08-25 08:22:48,41177,939,5371,15.4万,"34,212","30,508","88,841"
2684944901,来一杯奥利奥芝士全糖,广西,女,未认证,普通用户,无,好春光，不如梦一场,信用较好,未知,未知,1995-04-09 白羊座,2012-03-28 13:16:06,248,321,630,1986,152,65,"1,769"
1111681197,来去之间,北京,男,已认证,名人,移动互联网分析师,社区居委会王大伯，在线接诉；本人把点赞当收藏用，把转发当收集评论观点用，点赞和不带观点的转发，不代表本人认同原博观点,信用极好,未知,未知,金牛座,2009-08-28 16:34:05,931663,6202,145650,5616.2万,"6,203,599","21,573,612","28,384,986"
1694061470,林熊猫,上海 静安区,男,已认证,名人,头条文章作者,虚度光阴，碌碌无为，混吃等死，废物熊猫。,信用极好,未知,未知,1982-09-01 处女座,2010-02-13 20:57:45,1751355,1959,47007,1917.8万,"2,071,325","11,135,187","5,971,190"
1866445601,果断来一发,河南 安阳,男,未认证,普通用户,无,,信用较好,未知,未知,,2011-02-28 01:54:29,1046,592,27021,696,85,115,496
2310365462,柒妖H,江苏 苏州,女,未认证,普通用户,无,,信用较好,未知,未知,,2011-08-15 10:53:50,199,569,12267,3125,"1,205","1,748",172
6170667885,柒柒拔拔霸霸,其他,男,未认证,普通用户,无,,信用较好,未知,未知, ,2017-03-22 07:25:52,208,1021,44232,818,71,182,565
7402607617,柒草真由美,福建,男,未认证,普通用户,无,,信用较好,未知,福州大学,1998-03-01 双鱼座,2020-02-29 23:23:44,125,1719,30229,2329,137,841,"1,351"
6218898175,柯莱昂村的树蛙,其他,男,未认证,普通用户,无,,信用较好,未知,南通大学,1986-04-02 白羊座,2017-05-03 13:15:25,64,543,1234,193,17,8,168
7311579839,柳汀斜对野人窗,其他,男,未认证,普通用户,无,鸡零狗碎万物生 （柳町5.0,信用一般,未知,未知,天蝎座,2019-09-27 11:28:52,135,421,4909,4027,749,"2,351",927
6372326130,树人198003,四川 成都,男,未认证,普通用户,无,有点二。,信用较好,未知,未知, ,2017-09-26 19:58:48,71,886,2954,393,20,280,93
1806492924,树皮生人,新疆,女,未认证,普通用户,无,到最后我才想起，死去的是妈妈而不是我。,信用极好,未知,未知,1999-02-15 水瓶座,2010-09-04 09:37:38,60,319,29392,3.3万,"18,402","2,771","11,444"
5449687795,根正苗红的贫农,四川 成都,男,已认证,名人,时事博主,翻身农奴把歌唱！,信用极好,未知,上海交通大学,射手座,2014-12-25 09:27:09,584088,170,5719,683.6万,"563,307","512,043","5,760,442"
1197706145,桃之花花草草,重庆 永川区,女,未认证,普通用户,无,人生没有奇迹，只有努力。,信用极好,未知,未知,2001-03-25 白羊座,2010-08-29 16:28:16,60015,1705,147738,98.6万,"62,143","708,580","215,688"
7188599148,梦不落zz2019,浙江,女,未认证,普通用户,无,偏悲观的乐观主义者,信用较好,未知,浙江财经大学,天蝎座,2019-06-10 20:04:19,129,415,6385,844,305,203,336
5166894279,楦samyak,北京 朝阳区,女,未认证,普通用户,无,,信用较好,未知,未知,1990-01-01 摩羯座,2014-06-03 19:39:46,256,850,18849,129,43,14,72
1672127651,次郎爸爸,天津 和平区,男,未认证,普通用户,无,奴奴是太郎，次郎就是二蛋2011.11.10，赛赛是三蛋2014.11.30，都是好仔仔。。。,信用极好,未知,未知,,2011-10-28 09:12:29,598,5983,51445,2.5万,"3,653","17,874","3,052"
2130292804,欢乐赤玉,广东 广州,男,未认证,普通用户,无,,信用较好,未知,未知,,2011-05-03 19:48:11,320,1196,55187,1559,98,824,637
5537122503,欧氏空间,江苏 镇江,男,未认证,普通用户,无,,信用较好,未知,未知,2000-01-01 摩羯座,2015-02-27 16:58:03,336,1895,10053,278,30,77,171
3215118911,欧阳费劲sugar,其他,女,未认证,普通用户,无,乐极生悲，自作自受。人间正道是沧桑。排便姨妈记录。喜欢沉子哥：） くち嘘、高律、晴艾、黒執事←,信用较好,未知,未知,天秤座,2013-01-08 14:07:38,22,217,37532,1.7万,"6,676","8,288","2,102"
2484463622,正版额外,安徽,男,未认证,未知,无,心宝宝🤭，大爱华为，大爱墨明棋妙,信用极好,未知,宿州市技工学校,1980-09-27 天秤座,2011-10-22 04:47:15,4702,1932,70425,25.2万,"65,309","107,217","79,322"
6453186527,正能量满满的2018,海外,女,未认证,普通用户,无,正能量新闻资讯传播,信用较好,反腐倡廉无限责任公司,未知, ,2018-01-06 19:51:36,403,5008,37506,1698,150,903,645
6989950620,此犬主非彼犬主训犬师,浙江,男,未认证,普通用户,无,不爱狗不爱猫只爱国家保护目录里的真正需要去爱护的动植物,信用较好,未知,澳门大学,1988-02-09 水瓶座,2019-02-09 21:37:01,941,5224,93209,3671,334,"1,368","1,969"
2849074660,水-穷-云-起,广东 广州,男,未认证,未知,无,喜欢旅行，看书，新闻，篮球足球，,信用较好,家居饰品摆件工艺品有限公司,广州工商学院,1986-12-07 射手座,2012-06-25 17:50:00,790,5356,10742,2448,610,"1,086",752
7824141731,水激动天,山西,男,未认证,普通用户,无,,信用一般,未知,未知,1989-03-01 双鱼座,2023-03-01 13:44:26,9,1354,123007,1793,135,322,"1,336"
1875714747,池舒涵neverforgetlily,其他,女,已认证,名人,作者 池舒涵，代表作《纳兰性德》,笔名池舒涵，斜杠青年，小说《纳兰性德》（原名《渌水拾梦》）作者,信用极好,未知,未知,白羊座,2010-12-18 10:05:31,14400,788,2728,1910,641,193,"1,076"
7400014747,汪加诚-,浙江 杭州,男,未认证,普通用户,无,科学知识会迭代，方法会过时，数据统计会骗人，理论索性就没正确的。,信用较好,民科,未知, ,2020-02-26 01:31:17,1116,716,9964,2.8万,"6,045","13,819","7,806"
5901199685,沃沃沃洛佳s,山东,男,未认证,普通用户,无,,信用较好,未知,未知,1999-02-01 水瓶座,2016-04-19 17:56:56,20,228,3503,3689,877,124,"2,688"
1893630743,沙平天道,广东 深圳,男,未认证,普通用户,无,,信用极好,未知,未知,1964-06-30 巨蟹座,2010-12-15 14:10:45,1231,640,74745,1.2万,"1,548","8,849","1,508"
6393944702,没事喝喝茶打打球,浙江 金华,男,未认证,普通用户,无,打打球，喝喝茶。,信用较好,未知,未知, ,2017-11-04 19:09:02,425,2479,25566,376,94,65,217
7530490224,没关系微博多的是神经病,浙江 绍兴,男,未认证,普通用户,无,……,信用较好,未知,未知,白羊座,2020-12-01 16:10:56,40,340,3733,3742,496,147,"3,099"
1737082042,没有小红花的李枪枪,北京 朝阳区,男,未认证,未知,无,"单向发布者,以您说的为准不辩论哈(主要是不赚钱),无所谓限流不限流,关注不关注无所谓,纯哄自己玩儿.有严重的种族歧视 看到白皮猪就yue了.",信用较好,未知,未知,射手座,2010-05-02 19:40:42,2690,590,5104,6722,"2,261","1,168","3,293"
2738948577,没有昵称水瓶座,北京 东城区,男,未认证,普通用户,无,简单,信用较好,未知,未知, ,2012-05-28 20:30:44,609,1296,7741,447,142,224,81
1903279603,河之源广东农民,广东 惠州,男,未认证,普通用户,无,普通老百姓,信用极好,未知,未知,1980-01-21 水瓶座,2010-12-26 11:47:59,1020,1193,31619,2.2万,"12,981","8,643",578
5686058937,河南价值小丁,其他,男,未认证,普通用户,无,,信用较好,未知,未知, ,2015-08-25 14:40:36,112,271,3572,57,7,1,49
7562375052,泛灵Sparrow,陕西,男,未认证,普通用户,无,中国国家男子足球队、广州恒大队球员王星闽,信用较好,中国国家男子足球队,中国人民解放军体育学院,1989-08-06 狮子座,2021-02-11 10:17:40,69,84,1580,503,99,29,375
1683705650,洞察者zavan,广东 深圳,男,未认证,普通用户,无,平常心，慢慢来,信用极好,未知,未知,处女座,2010-06-09 17:20:16,1992,2193,177591,21.3万,"17,888","186,487","8,220"
7460841173,活跃变稳定,其他,男,未认证,普通用户,无,,信用较好,未知,未知, ,2020-05-28 12:27:51,7,227,347,155,6,3,146
2135487971,海味不咸xn,广西 南宁,女,未认证,普通用户,无,那！咋！了！,信用较好,未知,未知,2000-12-15 射手座,2011-05-14 22:02:21,279,1639,2769,2239,412,38,"1,789"
1727342523,海子的饕餮盛宴,广东 汕头,男,未认证,普通用户,无,一个激情与冷静并存的平凡符号！,信用较好,未知,未知,1985-12-08 射手座,2010-04-09 10:14:49,280,381,72850,5168,"1,246","3,632",290
2693414494,海狮78,云南,男,未认证,未知,无,,信用极好,未知,西交利物浦大学,1996-07-27 狮子座,2012-01-30 00:57:34,376,357,41623,8.6万,"2,241","81,754","2,342"
3985402592,淡酒無蛮劲儿,山西,男,未认证,普通用户,无,,信用较好,医疗/健康,山西医科大学,双鱼座,2014-04-06 19:59:40,84,223,2482,3263,"1,156","1,384",723
7753589727,混微博要慎言慎行别被夹,四川 成都,男,未认证,普通用户,无,不要妄议微博！,信用较好,未知,未知,巨蟹座,2022-06-22 10:41:48,462,2335,5739,243,57,29,157
2664423357,清酒一杯99,江苏,女,未认证,普通用户,无,在这薄情的世界里深情地活着。,信用较好,,未知,狮子座,2012-06-07 22:36:13,94,631,3876,4577,"2,501",112,"1,964"
2182210222,游标卡尺不估读的,北京 大兴区,女,未认证,普通用户,无,Will be a Miracle.,信用较好,未知,未知,天秤座,2011-06-19 14:07:04,123,1429,4483,1975,9,"1,915",51
2453681183,游记翁,福建,男,未认证,普通用户,无,乡里人。,信用较好,未知,未知,水瓶座,2011-11-08 14:28:30,159,2182,14018,1341,195,66,"1,080"
2384778795,游鱼居士,山东 济南,男,未认证,普通用户,无,,信用较好,未知,未知, ,2011-09-27 17:26:13,395,1866,42464,1965,219,"1,395",351
2274726701,溪中石324,湖南 岳阳,男,未认证,普通用户,无,心中多一点阳光、脑中多一点思考、胸中多一点宽容、眼中多一点美好、言中多一点和善...,信用较好,未知,未知,,2011-07-29 00:35:39,251,250,5138,583,191,288,104
2170800457,滑滑小宫32,山东 青岛,男,未认证,普通用户,无,回来了，五年，回来了,信用较好,传媒,未知,天蝎座,2011-06-09 20:52:55,39,387,6639,521,118,145,258
5891311329,漂亮的竹鼠不会被吃,其他,男,未认证,普通用户,无,,信用较好,未知,未知, ,2016-04-03 19:28:46,17,150,10513,61,6,11,44
2416286491,潇洒几点钟,上海 黄浦区,男,未认证,普通用户,无,寻找快乐的人。享受生活的人。,信用较好,寺庙,未知,,2011-10-18 11:11:29,3331,501,42487,13.1万,"40,060","56,612","34,117"
3892889098,澜妈云淡风轻,海外,女,未认证,普通用户,无,,信用较好,未知,未知, ,2013-11-12 18:38:04,433,228,58204,1331,81,359,891
2724047157,灰kui,广东,男,未认证,普通用户,无,微博众生相围观群众,信用较好,未知,未知,,2012-04-17 09:09:30,299,1683,25012,906,254,186,466
3965683133,灵灵灵天天快乐,北京 海淀区,女,未认证,普通用户,无,勇敢不畏惧！一起遇到更好的自己！,信用极好,未知,未知,1990-01-01 摩羯座,2014-01-02 22:50:25,211,388,105585,7.3万,"8,686","61,446","2,542"
5237892978,热心网友在线养猪,其他,男,未认证,普通用户,无,。,信用较好,未知,未知,金牛座,2014-08-01 10:57:48,23,173,3503,89,0,54,35
1712059014,然偶,其他,男,未认证,普通用户,无,,信用较好,未知,未知, ,2010-03-16 09:10:01,731,2024,17797,406,16,154,236
7653805012,熊了个喵了个咪,北京,男,未认证,普通用户,无,,信用较好,未知,未知,1992-02-14 水瓶座,2021-07-22 19:53:07,18,434,32789,2953,201,"2,276",476
1400395863,熊在天涯,上海 卢湾区,男,未认证,普通用户,无,人生不能假设，也无法重来，用快乐的心态面对每天的生活，用乐观的态度面对所有的困难，认真爱该爱的人，尽量和想念的人多聚聚。。。,信用极好,手工制品寻访公司,未知,天蝎座,2009-11-04 13:12:20,1647,183,13404,2.7万,"18,523","6,667","1,382"
5213014949,熬夜式失眠受害者,其他,男,未认证,普通用户,无,广州浇火队员,信用极好,未知,未知,白羊座,2014-07-10 23:59:13,223,1065,58005,2296,541,708,"1,047"
1258916204,燕丘南马头琴,北京 朝阳区,男,未认证,普通用户,无,🤓,信用较好,未知,未知,1988-07-20 巨蟹座,2010-10-30 16:09:49,4,187,27614,799,81,395,323
2728248685,燚哥,海外 其他,女,未认证,普通用户,无,我是男的！,信用较好,未知,未知,,2012-05-11 10:54:12,1876,197,14789,2029,"1,007",461,561
3870478135,爱上翡翠的大玉儿,其他,女,未认证,普通用户,无,不绝望于人生的苦，不执着于人生之乐,信用极好,未知,未知,1991-10-22 天秤座,2013-10-25 19:07:11,1200,2722,80877,760,178,134,448
1765433185,爱吃坚果的鱼,上海,男,未认证,普通用户,无,,信用较好,未知,未知,,2011-04-24 08:57:04,191,613,6388,648,88,503,57
6702910849,爱吃水蜜桃的仙女小废物,北京,女,未认证,普通用户,无,不是任何人的粉丝，我乐意喜欢谁就喜欢谁,信用较好,未知,未知, ,2018-09-15 16:00:00,21,1171,2048,1943,481,71,"1,391"
3185230377,爱读书的Cherry,江苏 南京,女,未认证,普通用户,无,,信用较好,未知,未知, ,2012-12-07 12:34:52,85,508,16964,676,153,355,168
7559478515,牧民骑马,广东 珠海,男,未认证,普通用户,无,,信用较好,未知,未知,1995-01-07 摩羯座,2021-02-04 00:00:51,40,171,3596,344,3,90,251
1,,其他,女,未认证,普通用户,无,,信用较好,未知,未知,未知,未知,23,268,34,7995,513,"7,260",222
7501969877,独行侠客666666,海外 西班牙,男,未认证,普通用户,无,,信用较好,未知,未知,天秤座,2020-09-11 11:48:27,46,639,7954,431,56,6,369
7751574648,猫得快乐,江苏,男,未认证,普通用户,无,凡外重者内拙,信用一般,未知,未知,1987-10-29 天蝎座,2022-04-11 11:20:49,122,1160,1437,67,4,20,43
2659881141,王先生爱吃拉面,北京 朝阳区,男,未认证,普通用户,无,前媒体人，现乙方狗。大号被封，悄么来此。,信用较好,未知,未知, ,2012-03-12 19:15:26,19,360,1271,1081,109,898,74
7343186134,王子卓V,广西,男,未认证,普通用户,无,高考物理  题型研究,信用较好,未知,未知,1969-09-11 处女座,2019-11-26 00:00:16,13,244,5328,198,30,29,139
6838451766,王德伟随笔,广西 南宁,男,未认证,普通用户,无,不忘初心，砥砺前行!,信用较好,未知,未知,1975-12-16 射手座,2018-11-12 20:12:01,116,756,5362,160,5,109,46
3989325015,王德否的否,其他,女,未认证,普通用户,无,📚,信用较好,未知,未知,处女座,2014-01-20 22:42:16,123,638,621,136,15,33,88
1803302295,王某某字远之,天津 河西区,男,未认证,普通用户,无,世间虽有诸芳艳，望君驻足品一香,信用极好,天津航空,未知,1989-02-15 水瓶座,2010-08-26 16:16:19,346,3917,7593,1031,378,406,247
6984365783,理想派教主Dr,江苏,男,未认证,普通用户,无,,信用较好,未知,未知,1984-12-01 射手座,2019-02-03 18:41:53,91,125,15,32,6,3,23
6378353206,理货员6378353206,山东 烟台,男,未认证,普通用户,无,,信用较好,未知,未知,1969-05-08 金牛座,2017-10-09 13:42:48,45,989,23938,1070,834,10,226
5316433888,琉璃厂人,北京,男,已认证,名人,历史博主,“历史贵在真实。对与错，是与非并不重要。对的可以坚持，错的改正了就好。重要的是，保留真相。保留真相，才能寻得真理，避免重蹈覆辙。”,信用极好,未知,未知,摩羯座,2014-10-02 10:04:19,459617,1852,81349,381.3万,"313,042","1,028,289","2,471,432"
3168650013,甚小萌,宁夏 银川,男,未认证,普通用户,无,头像即本人,信用较好,未知,未知,,2012-11-29 05:23:41,514,234,36482,1312,226,912,174
6981677727,生若夏花020,其他,男,未认证,普通用户,无,,信用较好,未知,未知, ,2019-02-01 14:47:28,49,1430,6390,192,4,97,91
7388183612,生鱼片hhh,江苏 南通,女,未认证,普通用户,无,,信用较好,未知,未知,2000-02-07 水瓶座,2020-02-07 12:28:46,9,334,6062,34,9,0,25
1753133717,用户1753133717,黑龙江,男,未认证,普通用户,无,既宅又丧，肥肥胖胖。,信用较好,哈工大集团,未知,双鱼座,2011-04-07 18:09:53,900,94,27109,2.4万,"3,255","18,130","2,696"
6097336132,用户6097336132,其他,男,未认证,普通用户,无,,信用较好,未知,未知, ,2017-01-03 23:56:28,232,316,2273,130,55,4,71
6134599936,用户6134599936,其他,男,未认证,普通用户,无,知识面广的软件架构师。,信用较好,未知,电子科技大学, ,2017-02-27 22:26:07,402,614,223,288,71,0,217
6364666746,用户6364666746,湖北 武汉,男,未认证,普通用户,无,,信用较好,未知,未知,狮子座,2017-09-09 19:40:51,2,150,495,122,67,0,55
6505236783,用户6505236783lt,其他,男,未认证,普通用户,无,不一样的世界，不一样的人生,信用较好,未知,未知, ,2018-03-12 02:39:05,55,1440,2298,431,236,5,190
6579280084,用户6579280084,其他,女,未认证,普通用户,无,,信用较好,未知,未知, ,2018-06-19 21:35:40,55,501,11179,210,118,8,84
7116330823,用户7116330823,其他,男,未认证,普通用户,无,,信用较好,未知,未知, ,2019-05-04 17:00:51,8,101,514,632,272,8,352
7274369993,用户7274369993,江苏,女,未认证,普通用户,无,,信用较好,未知,未知, ,2019-08-05 21:29:12,1,42,2611,17,0,1,16
7439519345,用户7439519345,其他,男,未认证,普通用户,无,,信用较好,未知,未知,双鱼座,2020-04-19 18:31:27,87,5140,30127,1.6万,"7,530","7,456",966
7583571867,用户7583571867,其他,男,未认证,普通用户,无,,信用较好,未知,未知, ,2021-04-02 05:19:21,48,598,2350,40,2,1,37
7651285019,用户7651285019,其他,男,未认证,普通用户,无,,信用较好,未知,未知,2021-07-20 巨蟹座,2021-07-20 11:55:08,205,588,18521,200,15,97,88
7801790937,用户7801790937,其他,男,未认证,普通用户,无,,信用一般,未知,未知,1998-12-26 摩羯座,2022-11-16 13:57:41,1,214,3788,8,4,0,4
1910687007,用户时分光,其他,男,未认证,普通用户,无,,信用较好,未知,未知, ,2014-03-09 16:55:37,95,756,6400,246,131,3,112
7307328773,用望远镜看着呢,安徽,男,未认证,普通用户,无,无问东西,信用较好,未知,未知,1970-01-01 摩羯座,2019-09-18 08:02:44,194,1314,1771,701,119,20,562
7621719544,用身体会,其他,女,未认证,普通用户,无,,信用一般,未知,未知,1996-01-01 摩羯座,2021-06-03 23:59:40,11,875,3322,53,8,8,37
2801880912,百百相宜,江苏 盐城,男,未认证,普通用户,无,时间如江水，滚滚不回头…,信用较好,未知,未知, ,2012-05-11 09:15:24,101,354,5489,123,44,40,39
5884985361,盆盆杞人,湖南 长沙,女,未认证,普通用户,无,,信用较好,未知,未知, ,2016-03-22 18:17:53,109,234,2657,154,67,6,81
1408834642,目标是八块腹肌,福建 福州,男,未认证,普通用户,无,聪明一时，糊涂一时。,信用较好,未知,未知,1981-04-28 金牛座,2010-12-16 09:33:23,84,179,29197,4.8万,"5,023","41,514","1,437"
2882152550,真心随风舞,上海,男,未认证,普通用户,无,,信用极好,未知,未知, ,2012-07-28 02:19:31,74,520,43881,4657,562,"2,744","1,351"
3050252671,真牛皮带,西藏,男,未认证,普通用户,无,认准国资蓝筹股，抱紧超级巨无霸！,信用极好,未知,未知,1900-12-31 摩羯座,2013-01-08 23:07:01,2285,503,21088,3.2万,"7,597","9,480","14,829"
7465921335,睡到自然醒竟然实现了,北京,男,未认证,普通用户,无,,信用较好,未知,未知, ,2020-06-01 06:53:08,86,538,11390,4914,332,"2,666","1,916"
1120440985,瞳瞳新家,河北 石家庄,女,未认证,普通用户,无,,信用较好,自由职业,未知,金牛座,2010-10-17 14:03:57,111,86,7997,196,30,52,114
1293209597,知心当玩偶Larry,上海,男,未认证,未知,无,君子和而不同 己所不欲勿施于人 做不到严以律己也要做到宽以待人,信用较好,未知,未知,射手座,2011-10-08 22:36:48,1299,515,41274,5.4万,"7,417","44,228","2,130"
1697599822,知道了1118,上海 杨浦区,男,未认证,普通用户,无,,信用较好,未知,未知,1977-11-18 天蝎座,2010-02-21 14:56:12,104,633,2036,871,326,397,148
7615228640,短线阿莫斯,其他,男,未认证,普通用户,无,,信用较好,未知,未知, ,2021-05-25 08:11:45,32,72,480,94,27,15,52
6960148271,石心石意石头记,其他,男,未认证,普通用户,无,萍聚,信用较好,未知,未知,1999-12-26 摩羯座,2019-01-17 14:40:08,196,243,21107,1812,295,"1,082",435
1963813151,神月朱鹭子莲,广东 广州,男,未认证,普通用户,无,咸鱼一条，不是摄影/FF14 拉诺西亚 /粥厨,信用极好,未知,未知,1995-11-29 射手座,2011-02-12 02:15:53,1280,931,12592,3.2万,"3,112","27,097","1,399"
1589563817,神秘的米呆,北京 东城区,男,未认证,普通用户,无,,信用较好,未知,未知,,2011-10-19 00:41:50,533,611,28386,1.1万,959,"7,399","2,210"
1729091622,祺魚様,上海,女,未认证,普通用户,无,宅腐双修喵星人控，单机控，无节操，有时犯二，喜欢吃喝玩乐~,信用较好,未知,未知,金牛座,2010-04-12 19:50:52,297,407,10400,3336,691,"2,004",641
5151077293,秋天如我VV,湖南 湘西土家族苗族自治州,男,未认证,普通用户,无,,信用较好,未知,未知,1986-09-08 处女座,2014-05-24 13:50:55,953,331,17211,8万,"5,823","63,381","10,495"
1433559483,秋杰12,浙江 嘉兴,男,未认证,普通用户,无,"🐮人一个 左眼400,右眼450",信用较好,未知,未知, ,2009-09-04 16:53:41,200,2215,809,275,44,32,199
6555002218,秋水仙素bio_,其他,男,未认证,普通用户,无,sycccccc,信用较好,未知,未知,天蝎座,2018-05-19 23:13:22,24,1393,4615,3161,69,"2,880",212
7767771332,秋的余忆,北京,女,未认证,普通用户,无,雷姆我老婆…站定DH不动摇…羡羡少天我的...二次元杂食…三次元费纳...配音冯姐光叔NC粉…专业治脏心肺...工作是爱好更是为了爱...努力赚钱养塑料小人,信用一般,未知,未知,1993-07-29 狮子座,2022-06-26 00:16:49,81,887,8741,5403,"1,747","2,903",753
1068092055,稀里哗啦_,上海 静安区,女,未认证,未知,无,幸福、就是上WC的时候随手就能找出一本没翻过的书！,信用较好,私营外企哼哼,未知,白羊座,2010-07-02 08:43:52,552,370,69032,3万,"3,173","24,126","2,836"
6294242501,純愛戰士天下第壹,其他,女,未认证,普通用户,无,,信用较好,未知,未知,双鱼座,2017-06-23 02:22:02,250,192,1834,1092,202,50,840
5238572188,素材魔方,浙江,女,未认证,普通用户,无,,信用较好,未知,弗吉尼亚理工大学,狮子座,2014-08-01 20:25:13,481,5579,36643,2434,565,"1,375",494
5107347072,紫苑·秋槿,其他,男,未认证,普通用户,无,,信用较好,未知,未知, ,2014-04-13 19:31:22,4,194,81526,521,14,46,461
1193408411,红蓝书屋,北京 海淀区,男,未认证,普通用户,无,一个对传播学感兴趣的人,信用较好,未知,未知,,2009-11-22 21:27:58,433,550,27767,927,328,418,181
1026428105,红马zycc,天津,男,未认证,普通用户,无,忘记过去，展望未来！,信用较好,未知,未知, ,2014-02-04 16:07:25,555,558,4832,111,28,22,61
1833547352,纪明永曾,其他,男,未认证,普通用户,无,,信用较好,未知,未知, ,2010-09-28 19:37:18,384,1141,6867,2744,225,855,"1,664"
1712947953,绝缘体ZZZzzz,福建,男,未认证,普通用户,无,据我所知我一无所知。,信用较好,未知,未知,双鱼座,2010-03-17 16:22:44,91,694,966,501,127,7,367
1663055035,编了个织,福建 福州,男,未认证,普通用户,无,编织出属于你的道路~,信用极好,未知,未知,,2010-11-12 18:16:22,250,347,17208,9826,"1,439","8,010",377
3029019621,罗霸道本尊,其他,男,未认证,普通用户,无,大号被禁，请加小号,信用极好,未知,未知, ,2012-12-26 08:31:26,5249,445,7254,10.2万,"10,217","43,481","48,734"
7727868718,美帝花凌g2了没,四川 乐山,男,未认证,普通用户,无,美帝花凌gg了没，不知道.反正我无了:-(,信用较好,未知,未知, ,2021-12-14 17:22:39,215,665,58583,6617,505,"4,986","1,126"
7727490510,老年人真的不是故意的,安徽 六安,男,未认证,普通用户,无,十年饮冰，热血难凉,信用较好,未知,未知,1953-12-05 射手座,2021-12-05 12:15:18,140568,885,9949,90.5万,"33,799","84,274","787,176"
1363451487,老张jerome,江苏 苏州,男,未认证,普通用户,无,,信用较好,工业制造,吉林大学,天蝎座,2011-07-29 09:45:49,186,609,61893,1840,301,462,"1,077"
1638862231,老流氓毛建国,北京 西城区,男,未认证,普通用户,无,早上好 喜欢您来,信用极好,未知,未知,1992-11-28 射手座,2010-05-21 15:03:01,164,301,3901,1051,457,198,396
1564019125,老牌天下逍遥,上海,男,未认证,未知,无,心有多远路就有多远,信用较好,未知,华东师范大学,1972-05-25 双子座,2010-10-18 08:56:25,1716,2909,162125,25.8万,"11,898","233,561","12,459"
1560442584,老赵,山东 德州,男,已认证,名人,赵劼，资深码农，InfoQ中文站编辑，Wind.js类库作者。,不快乐的享乐派码农，认命。满身负能量，慎关注。微博所有内容均代表个人观点，与本人雇主及其他团体无关。,信用极好,未知,未知,1985-02-08 水瓶座,2009-08-30 14:56:54,140592,905,110127,244.4万,"429,659","1,503,930","510,170"
7807817455,老黄老黄2022,山东,男,未认证,普通用户,无,,信用一般,未知,未知,1974-12-12 射手座,2022-12-12 11:02:33,5,82,601,129,22,56,51
1831119502,联通新势力1831119502,上海,男,未认证,普通用户,无,,信用较好,未知,未知, ,2010-09-27 16:27:54,100,791,48,27,13,0,14
7629661482,股票房产爱好者,黑龙江,女,未认证,普通用户,无,欢迎股票房产爱好者，大家一起交流学习,信用较好,未知,南京大学,1998-09-08 处女座,2021-06-18 16:42:52,91,800,1596,92,40,11,41
7438284578,肥08993,其他,男,未认证,普通用户,无,,信用较好,未知,未知, ,2020-04-19 09:30:00,130,1004,5160,48,11,1,36
3691869823,胖奥追,浙江 丽水,男,未认证,普通用户,无,纯爷们,信用较好,未知,未知,1987-05-22 双子座,2013-08-03 09:59:32,190,1003,10542,399,51,31,317
3093288903,胖胖云遇见美食,广东 广州,女,未认证,普通用户,无,看到另一个自己,信用极好,家庭美食,中国美术学院,2012-09-09 处女座,2012-11-05 16:53:04,1036,3054,1323,1338,617,495,226
5887430684,自来水5号,其他,女,未认证,普通用户,无,,信用较好,未知,未知, ,2016-03-26 14:52:35,230,280,4848,4074,923,"1,031","2,120"
6185283141,自由人2025,山东 烟台,男,未认证,普通用户,无,,信用较好,未知,未知, ,2017-03-28 15:28:24,310,766,20435,663,79,214,370
1258618123,色琳珑079,北京 海淀区,女,未认证,普通用户,无,悠悠天隅，恢恢地轮。自娱自乐小流氓，麻烦那些爱耍心眼的人，离我远点，我们不是一路人。,信用较好,画画的,未知,,2009-10-27 19:49:22,672,4617,361614,17.8万,"30,535","119,836","28,023"
3894902711,节约空间马甲袋,江苏 扬州,男,未认证,普通用户,无,写什么你就信什么啊哈哈真可爱哦,信用较好,未知,未知,巨蟹座,2013-11-10 10:39:23,136,792,4397,2269,433,"1,085",751
5100862006,芙莉莲推,湖南 长沙,女,未认证,普通用户,无,活人,信用较好,未知,未知,2000-03-22 白羊座,2014-05-01 20:34:05,32,1036,12267,2717,373,"1,943",401
1599660004,芝麻眼DE一只蟹,浙江 杭州,男,未认证,普通用户,无,,信用极好,未知,未知,1988-11-20 天蝎座,2012-07-26 08:56:39,98,3278,11430,299,28,165,106
1744799863,芰荷风,广东,女,未认证,普通用户,无,对有趣的事情感兴趣,信用较好,未知,未知,,2010-05-21 15:30:21,1145,186,43076,8万,"34,189","37,059","8,925"
6245730607,花木达康,其他,男,未认证,普通用户,无,,信用较好,未知,未知, ,2017-05-12 20:30:16,276,294,6700,1002,70,286,646
5604994983,花椰菜家胡萝卜,上海 宝山区,男,已认证,名人,游戏博主,懒癌晚期的死胖子--医生！我觉得我还可以抢救一下,信用较好,未知,山东外贸职业学院,1989-06-30 巨蟹座,2015-05-11 15:30:06,10824,1362,20531,21.7万,"39,891","85,775","91,088"
6490384302,苇草的自然之旅,其他,男,未认证,普通用户,无,,信用较好,未知,未知, ,2018-02-19 21:32:49,145,436,7364,902,61,574,267
2481150100,荼荼丸求跨省,浙江 杭州,男,未认证,未知,无,仅以此ID向尊敬的荼荼丸大人献上心脏！,信用较好,未知,未知,摩羯座,2011-10-20 21:01:45,206,1023,34816,6.5万,"3,844","59,024","1,936"
2769267205,莺歌袅袅,江苏 南京,女,未认证,普通用户,无,,信用较好,退体,未知,1963-10-15 天秤座,2012-05-16 15:03:47,9,317,8216,404,147,0,257
7829806765,葛秀谦,江苏,男,未认证,普通用户,无,,信用较好,未知,未知,1960-03-14 双鱼座,2023-04-01 01:00:25,9,288,7099,310,87,0,223
3310761851,董小可,台湾,女,未认证,普通用户,无,身放闲处，心安静中。,信用较好,未知,未知,1981-09-27 天秤座,2013-04-16 08:33:30,100,683,1031,84,23,2,59
1927452617,董石磊吖,河南 安阳,男,未认证,普通用户,无,,信用较好,未知,未知,双鱼座,2011-11-03 00:07:38,152,49,76707,413,10,35,368
2045112971,葭蘭的微博,其他,女,未认证,普通用户,无,,信用较好,无,未知,,2011-03-25 16:35:19,266,185,1421,363,281,47,35
7306432344,蓝月亮用户体验,山东,女,未认证,普通用户,无,,信用较好,未知,未知,2000-05-18 金牛座,2019-09-15 20:33:35,34,408,1388,2760,446,12,"2,302"
1652843155,蓝色心心0615,江苏,女,未认证,普通用户,无,《心仪有说法》|心理咨询师,信用极好,未知,未知,,2010-02-12 14:31:19,93717,1965,10962,4.2万,"22,375","15,630","4,476"
2631513074,蓝色魔方A,江苏 南京,男,未认证,普通用户,无,未来不迎，当时不杂，既过不恋。,信用较好,未知,NUAA,1994-05-04 金牛座,2011-12-24 20:02:23,417,1570,8546,3396,"1,515",815,"1,066"
2012302045,蓝菊花君,上海 浦东新区,女,未认证,普通用户,无,普通打工人,信用极好,未知,未知,,2011-03-07 17:07:50,793,372,11532,3.3万,"14,456","8,331","10,031"
6051663989,薏仁之行,其他,男,未认证,普通用户,无,顺手拉黑,信用较好,未知,未知,,2016-10-25 22:04:24,36,426,3685,1016,4,44,968
2876913762,蘑菇菇看心情,广东 广州,女,未认证,普通用户,无,鬼马心理学家,信用较好,600号的树洞,未知,,2012-07-27 06:59:58,199,775,993,243,78,63,102
7318291629,蜀中赤子,云南 昆明,男,未认证,普通用户,无,我有一个可爱的祖国，忍不住要向她表白！,信用较好,未知,未知,1996-03-01 双鱼座,2019-10-12 10:51:57,134,640,9370,874,166,234,474
2635255703,蜀山钻头常交叉,广东 深圳,男,未认证,普通用户,无,诸天炁荡荡，我道日兴隆。,信用较好,未知,未知,水瓶座,2012-02-27 22:48:37,508,896,17682,5951,"3,304",656,"1,991"
6298291537,蜜蜂卍理想,其他,男,未认证,普通用户,无,"There are many ways to pocket the big bucks,  as long as the brain and the action are in sync.",信用较好,未知,未知, ,2017-07-03 10:52:26,571,215,3506,53,0,0,53
1913324217,街边社吃瓜群众,湖南,男,未认证,普通用户,无,街边社，只给你独立的观点。,信用极好,未知,未知,巨蟹座,2011-01-06 16:41:10,3547,957,6318,5846,"3,930","1,584",332
5462689477,裂开了啊啊,其他,男,未认证,普通用户,无,,信用较好,未知,未知, ,2015-02-13 12:56:47,18,268,54,67,15,0,52
2803820844,西溪-烟树,浙江 杭州,女,未认证,普通用户,无,爱自然，爱生活。。。,信用极好,未知,未知, ,2012-05-13 16:21:52,324,736,2405,1433,510,290,633
1197051774,西瓜芝士冰冰茶,其他,男,已认证,名人,娱乐博主,追求自由、快乐、健康、阳光。 吐槽&自言自语&记录&观察。颜控追星，喜欢所有好看的人和可爱的人，佛系追星，散粉、多担。毒唯不要关注我,信用极好,未知,未知,金牛座,2009-10-15 15:49:19,12289,704,46336,68.9万,"67,133","23,071","598,891"
1887665841,西装不鲜亮何以当乞丐,北京,男,未认证,普通用户,无,,信用较好,未知,未知, ,2010-12-09 15:19:20,142,793,2212,146,20,76,50
1766164255,要努力啊要努力,辽宁 沈阳,男,未认证,普通用户,无,,信用较好,未知,未知, ,2011-01-11 06:40:29,45,197,1339,274,34,46,194
2994266470,不是我不懂爱是你不懂什么叫本质,广东 广州,女,未认证,普通用户,无,随着人类历史的演进我们的道德到底是变多了还是变少了 变实了还是变虚了,信用较好,未知,复旦大学,双鱼座,2012-09-08 17:30:24,213,287,61303,1.7万,"8,941","2,814","4,770"
7487009565,论迹也论心,广东,女,未认证,普通用户,无,一个品客,信用极好,未知,未知,天蝎座,2020-08-03 08:46:34,95,204,8128,8.9万,"3,818","6,230","79,430"
1031801580,诚心正意修身,江苏 扬州,男,未认证,普通用户,无,,信用较好,未知,未知,1993-01-15 摩羯座,2014-03-07 04:46:07,21,305,1943,94,11,3,80
5788686689,请不要那么温柔呢,湖北 武汉,女,未认证,普通用户,无,互联网不是生活的全部。啵啵🥰,信用较好,未知,未知,水瓶座,2015-12-10 10:27:11,55,538,3680,580,137,130,313
7059785939,请按回车键撤回,四川 成都,男,未认证,普通用户,无,,信用较好,未知,未知,1992-12-26 摩羯座,2019-04-02 14:06:58,328,812,26417,1.3万,959,"6,745","4,960"
2663582881,诺啥也不知猫,其他,男,未认证,普通用户,无,,信用较好,未知,未知, ,2012-05-09 11:27:04,96,303,7197,261,52,57,152
1075040614,读书的狼,山西 运城,男,未认证,普通用户,无,男人,信用较好,中国中车永济电机有限公司,太原理工大学,1982-12-04 射手座,2010-05-02 17:59:43,2405,322,10612,706,411,105,190
6152873792,豆果豆果豆果豆果,海外 澳大利亚,女,未认证,普通用户,无,good luck,信用较好,未知,未知, ,2017-02-22 08:53:43,11,80,497,83,29,2,52
7314064100,财为我狂20200305,其他,男,未认证,普通用户,无,,信用较好,未知,未知, ,2019-10-03 20:27:27,392,676,18810,3.1万,"5,190","16,057","9,603"
5243747789,贱贱的萌鱼,天津 红桥区,女,未认证,普通用户,无,,信用较好,未知,未知,1996-02-01 水瓶座,2014-08-06 23:09:01,339,5383,153348,4649,239,"3,611",799
2609359215,资源小铺,海外 其他,男,未认证,普通用户,无,无节操无下限,信用较好,未知,未知, ,2012-02-02 23:00:05,781,4101,35969,2.4万,"1,076","21,667","1,439"
1881320895,赏味不足,上海,女,已认证,名人,互联网科技博主,为数不多说真话的人,信用极好,未知,未知,1990-02-17 水瓶座,2010-12-03 19:07:44,483020,1627,86806,370.8万,"400,068","2,272,251","1,035,486"
2607051850,赤里灯座,上海 普陀区,男,未认证,普通用户,无,,信用极好,未知,未知,水瓶座,2011-12-13 20:16:26,267,2342,83045,1.3万,148,"11,950",768
1954054247,走不齐正步的Edelman,北京 朝阳区,男,未认证,未知,无,各种麻木的集合体。,信用较好,北京地铁,未知,1983-04-25 金牛座,2011-02-06 18:22:17,516,206,6595,3442,"1,813","1,143",486
5037013800,赵光兴,北京,男,未认证,普通用户,无,17865826719,信用较好,未知,未知,水瓶座,2014-02-15 07:01:09,452,2495,3129,114,6,19,89
3047739235,超思然,河北 石家庄,男,未认证,普通用户,无,,信用较好,未知,未知, ,2012-10-16 13:46:44,249,2283,592,55,1,0,54
1659570282,路白65943,重庆 渝中区,男,未认证,普通用户,无,实况、刀塔、阿森纳,信用较好,未知,未知,1987-06-22 巨蟹座,2009-11-09 13:04:50,875,761,3839,1568,959,388,221
6660795234,踏着清秋看航展,四川,男,未认证,普通用户,无,在市井中行走，在红尘中修行,信用较好,未知,未知,2018-08-25 处女座,2018-08-25 11:47:07,654,441,2467,1620,681,74,865
3644148531,轩嘿嘿,河北 衡水,男,未认证,普通用户,无,,信用较好,未知,未知,1995-05-07 金牛座,2013-07-20 18:06:14,182,856,2811,462,113,25,324
5192161190,辉县快乐小凡凡,河南 郑州,男,未认证,普通用户,无,热爱生活，爱这美好的世界,信用较好,未知,未知,1992-08-08 狮子座,2014-06-24 23:52:43,119,228,3785,419,150,117,152
1699383684,达叔_-,广东,男,未认证,普通用户,无,,信用较好,未知,未知,双鱼座,2010-02-24 13:14:34,4864,179,2505,2713,428,182,"2,103"
2022613663,达达尼昂纵横马尔马拉海,北京 西城区,男,未认证,普通用户,无,喜欢健身的小职员，爱电影，爱旅行，不是小清新，喜欢猫狗panda，也喜欢鱼,信用较好,未知,中国农业大学,1983-01-10 摩羯座,2011-03-13 12:26:55,262,814,1968,1208,770,253,185
1657027764,迅猛蜗牛,辽宁 大连,女,未认证,普通用户,无,,信用极好,未知,未知, ,2009-11-05 09:45:26,444,697,13576,2458,"1,255",326,877
1878775150,过尽千帆都是渣,四川,男,未认证,普通用户,无,万事稳当前，苟字我为先,信用较好,未知,未知,,2011-06-05 11:00:41,512,355,65385,22.4万,"20,550","199,201","4,458"
1409630175,这是我的地盘请离开2,其他,女,未认证,普通用户,无,,信用较好,未知,未知, ,2014-08-15 18:36:29,17,371,1466,610,87,21,502
5295185053,这龙有点妖,重庆 酉阳土家族苗族自治县,男,未认证,普通用户,无,我是妖龙，就酱。,信用较好,一个牛逼的公司,重庆航天职业技术学院,1984-10-17 天秤座,2014-09-17 17:27:52,32200,501,5600,10.3万,"11,878","26,807","64,646"
2826567597,迪迪今天倒闭了吗,其他,男,未认证,普通用户,无,,信用较好,未知,未知, ,2012-08-13 16:19:32,14,302,34779,368,53,163,152
6771385118,逃禅-煮石,上海,男,未认证,普通用户,无,物流供应链从业人员,信用较好,未知,未知, ,2018-10-16 21:11:15,125,598,60489,4235,450,"1,854","1,931"
2478608210,逗逗梦语0609,广东 广州,女,未认证,普通用户,无,精分双子座,信用较好,未知,未知,,2013-03-11 01:39:21,526,967,17371,5865,830,"2,297","2,738"
2094456731,道无余说,河南 郑州,女,未认证,普通用户,无,比较好玩相当好玩,信用较好,未知,未知,,2011-04-19 00:31:33,1092,5055,52249,5921,"1,371","3,151","1,399"
1730848667,遥遥遥遥遥遥遥遥遥遥遥遥遥领先,其他,男,未认证,普通用户,无,ㅤ,信用极好,未知,未知,巨蟹座,2011-04-14 02:12:07,366,317,19258,5582,"3,624",724,"1,234"
2318605783,那年那天的那谁,海外,男,未认证,普通用户,无,1/10的愤青，2/5的理中客，和1/2的白烂笑话。,信用较好,未知,未知, ,2011-08-23 18:59:22,130,839,15994,8861,"1,230",901,"6,730"
1148243862,邱阿浩,山东,男,已认证,名人,互联网科技博主,沟通、见解、拥抱时代,信用极好,未知,未知,1987-12-14 射手座,2010-08-29 21:01:22,218493,1126,20353,2.9万,"9,559","2,334","17,008"
2647835442,郑良霄,浙江,女,未认证,普通用户,无,"网络侦探小说写手,晋江签约作者。 现在开始写言情小说了，哈！专栏地址：http://www.jjwxc.net/oneauthor.php?authorid=741772",信用较好,未知,未知,,2012-01-02 01:50:21,860,365,63654,13.5万,"9,241","103,436","22,662"
1771326291,郑辉-空调搬运工,浙江 宁波,男,未认证,未知,无,人生不只有眼前的苟且 还有诗意和远方,信用极好,未知,未知,处女座,2010-07-09 17:58:53,976,1949,9641,1825,939,694,192
6499734032,郭靖五五,辽宁 沈阳,男,已认证,名人,美食博主,民以食为天，吃吃喝喝不犯病！😂,信用极好,未知,哈尔滨工业大学,水瓶座,2018-03-04 23:39:31,67758,2345,55632,25.4万,"53,911","114,100","85,733"
2881530330,都不知道取什么昵称了,广东,女,未认证,普通用户,无,苦久了不知道甜是什么！,信用较好,未知,广西艺术学院,水瓶座,2012-07-26 22:32:21,212,1060,11287,292,48,24,220
3280901170,都给我拱开吧,北京,女,未认证,普通用户,无,视奸我微博的都给我拱出去 没礼貌,信用较好,未知,未知,白羊座,2013-04-03 14:30:13,204,730,2460,3955,"3,330",93,532
1918177625,酋长喊我回家吃饭,其他,男,未认证,普通用户,无,傻子太多，骗子不够用,信用较好,未知,未知,,2011-01-11 17:10:17,246,576,36399,3.2万,"1,239","30,075","1,090"
5225329387,酸辣田螺粉,其他,男,未认证,普通用户,无,贝壳爱好者，主玩田螺,信用较好,未知,清华大学,2000-04-07 白羊座,2014-07-20 17:37:07,4703,901,4874,1.4万,544,"11,496","2,298"
2247682233,醉酒狮子头,其他,男,未认证,普通用户,无,万古不坏，其唯虚空,信用极好,未知,未知,1994-12-25 摩羯座,2012-09-12 22:55:12,56330,426,27469,77.6万,"85,421","242,526","447,714"
1769379434,金融玫瑰,北京 东城区,女,已认证,名人,财经博主,最好的理财就是活的久,信用极好,未知,未知,双子座,2010-07-08 12:01:24,581732,623,77148,104.3万,"229,488","402,936","410,469"
5617921210,金融茶,广东 广州,男,未认证,普通用户,无,,信用较好,未知,未知,1967-04-25 金牛座,2015-05-26 16:43:50,561,430,4630,226,133,3,90
5026986084,铲铲馋馋馋,其他,女,未认证,普通用户,无,天性纯善纯恶，秉性纯恶无善，习性可善可恶。,信用较好,虾邦虾邦,未知,白羊座,2014-02-06 21:21:26,3813,717,36618,4.5万,"6,766","28,999","9,153"
1403578392,镜舞,其他,男,未认证,普通用户,无,镜舞 mirrordance WOWer,信用较好,未知,未知,水瓶座,2011-04-28 18:57:53,6729,1982,53513,16.7万,"12,871","124,953","28,867"
5605322987,长江社评,其他,男,未认证,普通用户,无,观人间烟火，谈世间百态。,信用较好,,未知, ,2015-05-11 16:54:01,20,2017,5627,2154,282,388,"1,484"
1410318920,阴阳劫,北京 西城区,男,未认证,普通用户,无,疯狂数摇滚，雅趣在文玩，毛派爱国者，没溜老青年。,信用较好,未知,未知,1980-07-31 狮子座,2011-06-27 10:18:40,137,151,2512,1201,307,817,77
1628953637,阿Q我来自广西,北京,男,未认证,未知,无,数码爱好者,信用极好,未知,华中科技大学,双鱼座,2010-09-13 13:12:26,1530,1575,73683,5.2万,"15,098","32,339","4,337"
6314138865,阿历克斯的眼睛,新疆,女,未认证,普通用户,无,。,信用较好,未知,未知,1901-01-01 摩羯座,2017-07-11 17:13:43,1,297,1950,1222,159,152,911
2749360471,震长,北京,男,已认证,名人,互联网从业人员 微博乡村振兴助威团成员,互联网从业人员,信用极好,未知,未知,1949-10-01 天秤座,2012-06-08 22:59:45,2456776,902,44102,690.7万,"1,013,380","1,331,805","4,562,164"
3221492990,霍恩海姆BJ,北京 东城区,男,未认证,普通用户,无,水鬼　酒鬼　色鬼　死鬼,信用较好,未知,未知,处女座,2013-03-11 16:35:14,346,429,1405,799,627,84,88
7770761761,霍清晏Sissi,湖南,男,未认证,普通用户,无,,信用较好,未知,未知,2022-10-01 天秤座,2022-07-11 11:17:27,55,523,1869,727,100,231,396
3791102883,霓裳素容,其他,男,未认证,普通用户,无,不存图，别私信要图,信用较好,未知,未知, ,2013-09-13 18:11:00,6319,848,171158,5.6万,"1,265","10,145","45,025"
3170297181,青丘冷月,江苏 无锡,男,未认证,普通用户,无,爱古风，爱汉服，爱山水,信用极好,未知,未知,1980-02-18 水瓶座,2012-12-02 12:20:28,342,2644,86565,10.9万,"1,268","102,936","4,699"
1555113427,青青虫的微博,北京 朝阳区,男,已认证,名人,微博原创视频博主,世界之窗，我球之友,信用较好,未知,未知,,2010-02-11 00:22:27,11540695,145,92694,1301万,"2,343,784","1,897,644","8,768,341"
1689986874,青骢啸東風,上海 虹口区,男,未认证,普通用户,无,好学若饥，谦卑若愚！常与同好争高下，不与傻瓜论长短！,信用较好,蒼藍星調查團,未知,双鱼座,2010-02-05 14:27:07,95,1249,10734,2345,213,"1,845",287
6375518560,静律2017,山东,男,未认证,普通用户,无,自由而无用,信用较好,未知,未知, ,2017-09-26 22:12:42,159,5156,6335,33,13,8,12
2209753480,靠大朴,江苏 南京,女,未认证,普通用户,无,Per aspera ad astra,信用较好,未知,东南大学,,2011-07-02 10:10:55,541,642,25662,3305,"1,286","1,443",576
6732241905,韶九韶九,上海,男,未认证,普通用户,无,,信用较好,未知,未知,2000-01-01 摩羯座,2018-09-30 15:29:17,115,289,13849,2204,38,"1,929",237
3612724164,风流倜傥小驴子-,其他,女,未认证,普通用户,无,,信用较好,未知,未知,2003-06-19 双子座,2013-07-29 10:25:32,134,66,7378,285,41,65,179
1508414985,风燕云天,浙江 嘉兴,男,未认证,普通用户,无,浪迹天涯，漂泊修行，远离故土，行万里路，品人生百味，尝世间冷暖！,信用较好,,南京大学,1983-03-16 双鱼座,2014-03-08 20:12:10,267,343,1507,328,95,10,223
1926085703,飞磬馨,辽宁 沈阳,女,未认证,普通用户,无,我是我自己,信用极好,未知,未知,1973-07-15 巨蟹座,2011-01-18 17:31:45,230,1841,13973,454,334,11,109
6294439215,飞过海峡的猪,广东,女,未认证,普通用户,无,忙着变得更好,信用较好,未知,未知, ,2017-06-23 16:12:33,150,229,1861,365,136,26,203
2267600232,飞马537,江苏 镇江,男,未认证,普通用户,无,好好睡觉，好好看书，好好考试。,信用极好,未知,未知,1990-03-04 双鱼座,2011-07-25 21:32:58,2171,3000,197761,14.9万,"5,103","128,157","15,268"
3038992257,食食物者为骏杰,广西,男,未认证,普通用户,无,食无求饱，居无求安，敏于事而慎于言,信用较好,未知,未知,1990-08-25 处女座,2012-10-11 23:21:36,140,377,9624,2030,779,893,358
2122943275,馋师不禅,其他,男,未认证,普通用户,无,心怀大格局，过好小日子。,信用较好,未知,未知,,2011-05-06 23:48:58,162,891,1412,71,15,16,40
5735287541,马场林子超大加特林,其他,女,未认证,普通用户,无,中间,信用较好,未知,未知,射手座,2015-10-22 09:17:30,32,619,19996,3231,573,"1,590","1,068"
7592520880,马尔科姆X,浙江,男,未认证,普通用户,无,,信用一般,未知,未知,1987-07-17 巨蟹座,2021-04-15 19:36:56,2,227,43,63,6,1,56
2091230153,马峦山前,广东 深圳,男,未认证,未知,无,,信用极好,未知,未知,双鱼座,2011-04-17 12:01:25,497,70,131507,6397,"1,248","4,167",982
7569208211,马科不一定是菠萝,其他,男,未认证,普通用户,无,,信用较好,未知,未知, ,2021-02-27 13:46:29,12,481,5263,133,22,18,93
2797614910,高尔顿的板,上海,男,未认证,普通用户,无,無聲仿有聲,信用极好,未知,未知,1986-08-06 狮子座,2012-05-07 20:46:08,4160,488,12918,1.1万,"1,828","5,073","4,031"
1672173057,魅力帅哥,江苏,男,未认证,普通用户,无,喜欢发呆,信用极好,未知,未知, ,2009-12-21 06:33:57,3033,6927,48357,1.2万,"1,436","1,612","8,822"
1109400240,鱼__夫,北京 西城区,男,未认证,普通用户,无,,信用较好,未知,未知,,2012-12-22 19:08:48,261,736,5468,461,46,303,112
1635000804,鱼妹肉玩,海外 美国,女,未认证,普通用户,无,头顶波斯菊回望心灵，庆幸那儿是全世界最宽阔的地方，我不曾让我至亲至爱的人们栖息在杂草之中。,信用较好,未知,中国科学院上海分院,,2009-09-11 20:20:20,138,260,2930,6016,"4,849",677,490
2807978432,鳳驭喆,海外,男,未认证,普通用户,无,中国著名电影、电视剧和广告观众 曾在多个知名平台（腾讯、优酷、爱奇艺、YouTube）都充值过VIP会员,信用极好,未知,未知,水瓶座,2012-05-19 19:34:29,301,293,104,38,0,0,38
1662081277,鸵鸟小Q,上海 浦东新区,女,未认证,普通用户,无,没有不存在，只有不知道。,信用较好,未知,未知,,2010-06-24 14:44:30,153,254,2288,851,530,254,67
7841152958,鹤绕云,其他,男,未认证,普通用户,无,说剑风生座 抽琴鹤绕云,信用较好,未知,未知, ,2023-05-25 07:05:23,11,172,198,22,6,4,12
5784344142,黃金舵手戰鬥鵝,其他,男,未认证,普通用户,无,"以斗争求和平则和平存,以妥协求和平则和平亡。",信用较好,未知,未知,天秤座,2015-12-07 00:56:44,910,318,13763,1.2万,"1,408","6,348","4,737"
3293342813,黑猫呢呢,其他,男,未认证,普通用户,无,,信用较好,未知,未知, ,2013-06-29 12:52:02,178,463,9793,2771,155,"1,653",963
1894155902,黑黑_gunner,上海,男,已认证,名人,体育博主,爱吃人形烧的小玉  😸,信用极好,SG1,未知,射手座,2010-12-15 08:55:30,13269,2434,238691,84.5万,"59,343","753,031","32,719"
2265505225,龙骑士ZMCII,海外,男,未认证,未知,无,普通且自信的乐子人，爱好加速快进。五毛公知勿扰，取关请双向。,信用较好,the University of Alabama,未知,白羊座,2011-07-24 00:47:39,735,699,18936,3万,"2,386","22,325","5,371"
